Source,Target
1907.01127,2007.00699
1907.01127,2004.08227
1906.10242,1904.08098
1906.10242,1812.02956
1906.10242,1907.02188
1906.09688,1906.01552
1906.09688,1911.00677
1906.09688,1805.12152
1906.09688,1911.11558
1906.09688,1911.04336
1906.09688,1901.04562
1906.09688,1908.09092
1906.09688,1910.11779
1906.09882,1905.13127
1907.01160,2001.11482
1907.01160,2003.01531
1907.01160,1911.12928
1907.01160,2007.14469
1907.01160,1809.07454
1907.01160,2002.08933
1907.01160,1911.02182
1907.01160,1910.10400
1907.01160,1810.01395
1906.12350,2009.08457
1906.12350,2007.06368
1906.12350,1906.11286
1906.12350,2006.06580
1906.09069,2002.05685
1906.09069,1809.04618
1906.09069,1806.08141
1906.09069,1901.06053
1906.09069,1810.12361
1906.09069,2006.04740
1906.09069,1912.00018
1906.09069,1906.07405
1906.09069,1811.07062
1906.09069,1812.07725
1906.09069,2006.09313
1906.09069,2002.03495
1906.09069,1901.07487
1906.09069,2006.13719
1906.09069,1803.00195
1906.12183,2006.10711
1906.12183,2008.02491
1906.12183,1902.02476
1906.12183,2003.05508
1906.12183,2007.15386
1906.12183,1811.07270
1906.12183,2007.10106
1906.12183,1904.01681
1906.12183,1806.07366
1906.11172,2006.07991
1906.11172,2004.12432
1906.11172,1805.09501
1906.11172,1905.00397
1906.11172,2006.02595
1906.11172,1905.05393
1906.11172,1907.09408
1906.11172,1911.09665
1906.11172,2002.07971
1906.11172,1709.01507
1906.11172,2005.08235
1906.11172,2006.06882
1906.11172,1901.10513
1906.11172,2008.06439
1906.11172,1909.01887
1906.11172,2007.09271
1906.11172,1910.12044
1906.11172,2007.03578
1906.11172,1910.11534
1906.11172,1802.01548
1906.11172,2004.00831
1906.11172,2008.06775
1906.11172,2005.04373
1906.11172,1906.02611
1906.11172,2001.06303
1906.11172,2008.04899
1906.11172,1906.08988
1906.11172,1911.09070
1906.11172,1909.13719
1906.11172,1908.03673
1906.11172,2007.08849
1906.11172,1912.13497
1906.11172,1904.07392
1906.11172,2005.04757
1907.00246,1907.00244
1907.00246,1905.05013
1907.00246,1802.10363
1907.00246,2006.08295
1907.00246,1906.05160
1907.00246,1907.00240
1907.00246,1902.06007
1906.09769,1908.11538
1907.00973,1910.03452
1907.00330,2002.00226
1907.00330,1811.04857
1907.00330,1707.00600
1907.00330,1812.01784
1907.00330,1904.04092
1907.00330,1912.12179
1907.00330,1611.05088
1907.00330,1903.10132
1907.00312,1606.05615
1907.00312,1711.02515
1907.00438,2009.01924
1907.00438,1809.05231
1907.00438,1910.09031
1907.00438,2007.02078
1906.11313,1906.11301
1906.11096,2009.09976
1906.11096,2003.11927
1906.11096,1912.09390
1906.11096,1812.00020
1906.11096,2007.01475
1906.09868,2001.10673
1906.09868,1907.04298
1906.09868,1808.00177
1906.09868,1911.02050
1906.09868,1909.00392
1906.09868,2006.06769
1906.10509,2004.14143
1906.10509,1707.00600
1906.10509,1611.05088
1906.09707,2003.12783
1906.09707,2002.00092
1906.11235,1811.11553
1906.11235,2003.06974
1906.11235,1805.12152
1906.11235,1901.11399
1906.11235,2006.14168
1906.11235,2002.10716
1906.11235,2007.00772
1906.11235,1906.06032
1906.11235,1904.12848
1906.11235,1911.08731
1906.11235,2004.01903
1906.11235,1710.10571
1906.11235,2006.16867
1906.11235,1706.06083
1906.11235,1901.08573
1906.11785,1906.02736
1906.11785,1910.13614
1906.11785,1705.07041
1906.11785,1905.12621
1906.11785,1706.10295
1906.11993,2006.07218
1907.00651,1811.10980
1907.00651,2008.09753
1906.11417,2004.00475
1906.11417,1810.03763
1906.11417,2005.01889
1906.11888,1812.09912
1906.11888,2005.03201
1906.11888,2005.05207
1906.11888,1912.01865
1906.11888,2007.08547
1906.11888,2008.00634
1906.11888,2006.07587
1906.11888,2008.10774
1906.11888,2002.10137
1906.11888,2009.02653
1906.11888,1907.09837
1906.10729,1907.04822
1906.09417,2006.00217
1906.09417,1909.12923
1906.10199,1910.05876
1906.11768,1806.09277
1906.11768,2002.10543
1906.11768,2006.03160
1906.11768,1810.09569
1906.11768,2002.02913
1906.11768,1906.10827
1907.00559,1905.07877
1907.00559,2004.14875
1907.00559,1905.07852
1907.00559,1812.06216
1907.00559,1905.05618
1907.00281,1811.02629
1907.00281,1809.10483
1907.00281,1904.09237
1907.00281,1902.04729
1906.09610,2007.02503
1906.09610,2005.07327
1906.09610,2009.09343
1906.09610,2002.12489
1906.11047,2006.05259
1906.11047,1910.14443
1906.10671,2003.03934
1906.10671,2009.05487
1906.10671,1704.02685
1906.09426,1712.09444
1907.01693,2006.03160
1906.09003,2008.12686
1906.09003,2002.04805
1906.09003,2006.07882
1906.09003,2002.02778
1906.09003,1905.10996
1906.09003,1711.01558
1906.09003,1906.00722
1906.09003,1706.02690
1906.09003,1910.07617
1906.09003,2003.03687
1906.09003,2009.11732
1907.00377,1906.11884
1906.10025,1709.06560
1906.10025,2002.06395
1906.10025,1509.02971
1906.10025,1503.05671
1906.10025,1706.10295
1906.10025,1906.07073
1906.10025,1903.00374
1906.10189,1812.02341
1907.00274,1912.13183
1907.00274,1904.06345
1907.00274,2008.00892
1907.00274,1806.09055
1906.09525,1811.05381
1906.09525,1806.05236
1906.09525,2004.02072
1906.09525,1905.01019
1906.09525,2003.06559
1906.09525,2003.06979
1906.09525,1911.06591
1906.09525,1706.06083
1906.09525,1902.01889
1906.09525,1903.01612
1906.09525,1802.07896
1906.09525,1909.06872
1906.09525,1911.06470
1906.09525,1706.03922
1906.09909,2003.10685
1906.09909,2009.07047
1906.09909,1805.08318
1906.09909,1811.09393
1906.09909,2004.06502
1906.09909,2004.09484
1906.09909,2004.05571
1907.01342,1912.07420
1907.01342,2002.08935
1907.01342,1912.03673
1907.01342,1901.08394
1907.01586,1906.02325
1907.01586,2004.11349
1907.01586,2007.00253
1906.09023,1806.00420
1906.09023,2009.05147
1906.09023,2007.10867
1906.09023,2006.04523
1906.09023,2003.05744
1906.09023,1911.08324
1907.01662,1901.06033
1907.01744,1904.09120
1907.01361,1906.11890
1907.01361,2005.02291
1907.01361,1803.08006
1907.01361,2004.06957
1907.01361,2007.03241
1907.01361,2001.00346
1907.01361,1811.12758
1907.01361,1801.06724
1907.01361,2003.14013
1907.00058,2005.13799
1907.00058,1802.04537
1907.00058,2006.13811
1907.00058,1812.07460
1907.00058,2009.07092
1907.00058,1908.04538
1906.09060,2009.08328
1906.09060,1905.13667
1906.09060,2004.02786
1906.09060,1910.10467
1906.09060,2003.01113
1906.09060,1803.01814
1906.09838,1907.05242
1906.08977,1910.11690
1906.08977,2006.10317
1906.08977,2006.06261
1906.08977,1910.09989
1906.11755,2002.05398
1906.10057,2005.04661
1906.10057,1801.04260
1906.10057,1806.07366
1906.10106,1907.08194
1906.10106,2006.09868
1906.10106,2006.08480
1906.11979,1905.05243
1906.11668,2008.07346
1906.11668,1911.03216
1906.11668,1912.11945
1907.00497,2009.09249
1906.10827,2001.06944
1906.10827,2002.02923
1906.10827,2002.03179
1906.10827,1906.11768
1906.10827,2007.16056
1906.10827,2008.13537
1906.10827,2005.10451
1906.10827,1905.11009
1906.10827,2006.03160
1906.10827,2002.02913
1906.10827,2002.01615
1906.10827,2005.12123
1906.11437,1812.05040
1906.11437,1904.01886
1906.11437,1809.04766
1906.11437,1812.09953
1906.11437,1906.03525
1906.11437,1905.10089
1906.11437,1810.03756
1906.11941,1811.01132
1906.11941,1509.02971
1906.11941,1809.10326
1906.11941,1608.04471
1906.11941,1812.05905
1906.11941,1709.06560
1907.01377,1904.03081
1907.01377,1810.03982
1907.01377,1703.00443
1907.01683,1908.03339
1907.01683,1910.03274
1907.01683,1903.09233
1907.01683,1803.09860
1907.01683,1709.01507
1906.09381,2007.08031
1907.01729,1911.10572
1907.00313,1901.04891
1907.00313,1901.08654
1907.00313,2007.01921
1907.00313,1912.08055
1907.00313,1912.03802
1907.00313,2007.09540
1906.09308,2009.04984
1906.09308,2008.12579
1906.09308,1902.00098
1906.09308,1909.07547
1906.09308,1904.02792
1906.09308,2004.13637
1906.09308,2006.12719
1906.09308,2001.09977
1906.09308,2006.08331
1906.09308,1910.11949
1906.09308,1907.00456
1906.10717,1912.00071
1906.10717,1509.02971
1906.10717,2008.03273
1906.10717,1807.01675
1906.10717,1911.10601
1906.10717,2006.07476
1907.00652,1912.05333
1907.00652,2007.04389
1907.00652,1905.08744
1906.11171,2007.11893
1906.11171,1811.04411
1906.11902,1909.05622
1906.11902,1902.06162
1906.11902,1807.03748
1906.11912,1810.03522
1906.09665,2002.05789
1906.09665,2001.11473
1906.09665,2002.03471
1906.09665,1809.02196
1906.08988,2006.07589
1906.08988,1912.02781
1906.08988,2006.14263
1906.08988,1805.09501
1906.08988,2006.16241
1906.08988,2007.00823
1906.08988,1911.09287
1906.08988,2002.10716
1906.08988,2007.09453
1906.08988,2008.08384
1906.08988,1811.12231
1906.08988,1811.00401
1906.08988,2005.10190
1906.08988,2005.13712
1906.08988,2003.01826
1906.08988,1905.04497
1906.08988,1911.09665
1906.08988,2007.03244
1906.08988,1805.12152
1906.08988,1906.11172
1906.08988,2003.10041
1906.08988,1809.04098
1906.08988,2002.05380
1906.08988,2006.09717
1906.08988,1901.10513
1906.08988,1911.12796
1906.08988,2007.10479
1906.08988,2009.00802
1906.08988,1905.07121
1906.08988,1909.08830
1906.08988,2003.00688
1906.08988,2002.04599
1906.08988,2007.05086
1906.08988,1911.09071
1906.08988,2001.06057
1906.08988,1911.12044
1906.08988,1906.02611
1906.08988,2006.13409
1906.08988,1803.05787
1906.08988,1807.01697
1906.08988,1902.10811
1906.08988,1905.02175
1906.08988,2002.08973
1906.08988,1909.13719
1906.08988,2002.12504
1906.08988,1706.06083
1906.08988,2002.06349
1906.08988,1912.00049
1906.08988,2006.11440
1906.08988,1910.05057
1906.09288,1711.07183
1906.09288,1811.00656
1906.09288,1804.05810
1906.09288,1912.05021
1906.09288,2006.07421
1906.09288,1812.04948
1906.09288,2001.06564
1906.09288,1901.08971
1906.09288,2004.11138
1906.09288,2002.08327
1906.09288,1808.07371
1906.09288,2007.14808
1906.09288,1809.05962
1906.09288,2005.04945
1906.09288,2003.09234
1906.11426,2006.05444
1906.09832,2006.02802
1906.09832,1901.08810
1906.09832,1903.10246
1907.01705,2006.10252
1906.11075,1901.10995
1906.11075,1810.07900
1906.10637,1904.00507
1907.01132,1807.00459
1907.01132,2007.11354
1907.01132,2008.06217
1907.01132,1812.01097
1907.01132,1907.09693
1907.01132,1911.06270
1907.01132,1903.02891
1907.01132,2008.09874
1907.01132,1902.01046
1907.01132,2008.04538
1907.01132,1907.08349
1907.01543,2006.09361
1907.01543,2001.03724
1907.01543,1901.08511
1907.01543,1810.02060
1907.01543,2002.02417
1907.01543,2002.08872
1907.01543,2006.02032
1907.01543,1902.08297
1907.01543,2003.08093
1907.01543,1802.01504
1907.01543,2009.09623
1907.01543,1910.12999
1907.01543,2006.08667
1907.01543,2008.10103
1907.01543,2006.06359
1907.01543,1712.04581
1907.01543,2006.08141
1907.01543,2002.09621
1907.01543,2002.09124
1907.01543,1906.00331
1907.01543,2006.12376
1907.01543,1902.00618
1907.01543,2006.07201
1907.01543,2006.12363
1907.01543,2005.00615
1907.01543,2001.07819
1907.01543,1706.06083
1907.01543,2008.08170
1906.09489,2004.06560
1907.01004,1801.04381
1907.01661,1903.02428
1907.01661,2007.14589
1907.01661,2008.09104
1907.01661,2003.07999
1907.01661,1908.04769
1907.01661,1912.00411
1907.01661,2003.10613
1907.01661,2001.03690
1907.00350,2008.10425
1907.00350,1908.11036
1907.00350,2007.15776
1907.00350,1910.01858
1907.00350,2009.08932
1906.09108,1807.04511
1906.09108,1901.08164
1906.09108,1811.06965
1906.09108,1901.06656
1906.09108,1609.08326
1906.09108,2003.11666
1906.11905,1910.09732
1907.00020,1908.02810
1907.00020,1901.09451
1907.00020,1809.10610
1907.00020,1907.12059
1907.00020,2002.10312
1907.00020,2006.14168
1907.00020,1910.10255
1907.00020,1906.00250
1907.00020,1710.10571
1907.00020,1706.06083
1907.00020,2006.11439
1907.00020,2003.05048
1907.00020,2007.09530
1907.00193,1905.04075
1907.00193,2001.11869
1907.00193,2002.10392
1907.00193,1907.03422
1907.00193,2008.02655
1907.00494,1904.10509
1907.01113,1909.06982
1907.01113,1804.03728
1906.10845,1906.10086
1906.10845,1901.04592
1906.10845,1802.03888
1906.10845,1903.05179
1906.10845,2003.12043
1906.10845,2007.11117
1906.10845,2003.02106
1907.00481,2006.16904
1907.00481,1904.08082
1907.00481,1806.08804
1907.00481,1905.05178
1907.00481,1911.08941
1907.00481,1901.01343
1907.00481,2006.12138
1906.09324,1912.01110
1906.10924,2003.04998
1906.10924,1802.07810
1906.10924,1902.10186
1906.10924,1610.02391
1907.01743,2007.14728
1907.01743,2002.08694
1907.01743,2002.03366
1907.01743,1709.01507
1907.01743,1909.00229
1906.09459,1909.03600
1906.10515,2008.10559
1906.11907,2001.11101
1906.11907,1904.01277
1906.11907,1905.09796
1906.11907,1905.06465
1906.11907,1807.07155
1906.09635,2007.06898
1907.00107,1802.05693
1907.00107,1405.3316
1907.00107,1910.08693
1906.11889,1912.01933
1906.11889,2009.02437
1906.11889,1904.09237
1906.10491,1907.10367
1906.10491,2001.04388
1906.10491,1604.02885
1906.10491,1901.01535
1906.11415,2006.11393
1906.11415,1807.05960
1906.11415,1909.12929
1906.11415,1904.04232
1906.11415,1909.09602
1906.11415,1912.09930
1906.11415,2009.06610
1906.11415,1811.08383
1906.11415,1907.09021
1906.11415,2007.04755
1906.11415,1901.02598
1906.11415,2008.07960
1906.11415,2009.02653
1906.11415,1909.07945
1906.11415,1910.01286
1907.00544,1904.05003
1906.08989,1812.07252
1906.08989,1909.12995
1906.08989,1905.06658
1906.08989,1901.05567
1906.08989,1909.04810
1906.08989,1901.04780
1907.01131,1806.03589
1907.01131,1901.00212
1907.01131,1904.06726
1907.01131,1904.10247
1906.10086,1906.10845
1906.09674,1807.09647
1906.09674,2007.06700
1906.09674,1910.01913
1906.09674,1901.00210
1906.10203,2008.11278
1907.01034,1905.05675
1906.09575,1803.08475
1906.09575,2005.04355
1906.09575,1811.06128
1906.09575,1802.03685
1906.09575,1906.04859
1906.09575,1906.01629
1906.11594,1812.04948
1906.11594,1809.11096
1906.11594,1807.03401
1906.11655,2005.10008
1906.11655,1910.04115
1906.11655,1908.07962
1907.01644,2004.03774
1907.00534,1910.03239
1907.00534,1910.02445
1907.00103,2002.03555
1907.00103,1902.07234
1907.00103,2002.11448
1906.09679,2003.00229
1906.09679,1911.00222
1906.09679,1808.10101
1906.11786,1901.00596
1906.11786,1811.03600
1906.11786,1812.08434
1906.11786,1909.01315
1906.11786,1906.12192
1906.11484,2001.00340
1907.00533,1809.06987
1907.00533,1908.02894
1907.00533,2006.11827
1907.00533,1905.10819
1907.00533,2003.02981
1907.00112,2002.01323
1907.00112,1912.00846
1906.09412,1809.02010
1906.09412,1907.08350
1906.09412,1906.08344
1906.09412,1805.07633
1906.09412,1809.07952
1906.11395,1906.11392
1906.11395,1806.05722
1906.11395,1903.09122
1906.11395,2006.05738
1906.10400,1903.03445
1906.10400,1804.02967
1907.01296,2006.03708
1907.01296,1904.02371
1907.01296,1901.02985
1907.01296,1807.06667
1907.01296,1509.02971
1907.01296,1801.04381
1907.00695,1809.05231
1907.01040,1905.07360
1907.01040,1912.10818
1907.01040,2004.01840
1907.01040,2006.06366
1907.01040,2006.08688
1907.01040,2006.07986
1907.00390,2004.01881
1907.00390,1911.01680
1907.00390,2004.12299
1906.09453,2003.12862
1906.09453,2003.09461
1906.09453,2006.14856
1906.09453,1912.03263
1906.09453,1805.12152
1906.09453,2003.01993
1906.09453,1906.00945
1906.09453,1903.07291
1906.09453,1911.07068
1906.09453,1902.00813
1906.09453,1809.11096
1906.09453,1909.09034
1906.09453,1910.03468
1906.09453,2005.02540
1906.09453,1911.09071
1906.09453,2003.06958
1906.09453,1805.08318
1906.09453,2002.08347
1906.09453,1706.06083
1906.09453,2003.08907
1906.10044,2008.05948
1907.01102,1803.04311
1906.11143,1902.07519
1906.11143,2006.10990
1906.11143,1811.12833
1906.11143,1909.04518
1906.11143,1802.10349
1906.11143,1908.10454
1906.12056,2002.08578
1906.12056,2005.00218
1906.12056,1806.06317
1906.12056,2001.03836
1906.12056,1910.13659
1906.12056,1911.00782
1906.09445,1902.00672
1907.01424,2007.00899
1907.01424,1905.01270
1907.01424,1808.04325
1907.01424,2007.13332
1907.01424,1703.10593
1906.10490,2003.02488
1906.10490,1902.11097
1906.10490,2007.06570
1906.09905,1907.01513
1907.00244,1907.00246
1907.00244,1905.05013
1907.00244,1910.00309
1907.00244,2003.03410
1906.09218,2003.14263
1906.09218,2005.13755
1906.09218,2005.11720
1906.09218,1810.07924
1906.09218,1809.06514
1906.09218,1906.09691
1906.09218,1810.11447
1906.09218,2007.09530
1906.12230,2006.12093
1906.12230,2007.00939
1907.00205,1904.03241
1906.10366,1709.06560
1907.00873,2006.05525
1906.12063,2006.08982
1907.01253,1911.06475
1906.09336,1907.01656
1906.11561,1904.06554
1906.11561,1906.11010
1906.09531,1910.12008
1906.09531,1911.07023
1906.09531,1911.08716
1906.09531,1810.06758
1906.09531,1810.01392
1906.09531,2006.06900
1906.09531,2004.11714
1906.09531,1910.09779
1906.09531,2004.03355
1906.09531,2003.03463
1906.09531,2007.03898
1906.09531,2001.03653
1906.09531,2006.07576
1906.09531,1911.11834
1906.09531,2006.12204
1906.09531,2006.16405
1906.09531,2007.06018
1906.09531,1811.11357
1906.09531,1812.03372
1906.09531,1806.02512
1906.09531,2003.06060
1906.09531,2004.01704
1906.09531,1810.09136
1906.09531,2004.10188
1906.09531,1909.10670
1906.09531,2006.13169
1906.09889,1909.12373
1906.10089,2005.06189
1906.10089,2002.03073
1906.10089,1809.07294
1906.10089,1908.02924
1906.10089,1907.07951
1906.10089,1903.07291
1906.10089,2006.04878
1906.11828,1910.09657
1906.11828,1904.03677
1906.11828,1908.05823
1906.11828,1708.04975
1906.11828,1608.04471
1906.11828,1908.08681
1906.11828,1807.05207
1906.11828,2006.05409
1906.11828,1901.06314
1906.09231,1511.05219
1906.09231,1901.11143
1906.09231,1909.03577
1906.09231,1905.12580
1906.09938,1807.10363
1906.09938,1802.01548
1906.09938,2008.03226
1907.01463,1907.08322
1907.01463,1803.09010
1907.01463,2001.08103
1907.01463,1911.05946
1907.01463,1709.06560
1907.01463,1902.10811
1907.00429,2001.06238
1907.01615,1804.02516
1906.12328,1802.03426
1907.00758,1907.00835
1907.00758,1907.01413
1906.09831,1811.08469
1907.00664,1812.01483
1907.00664,1811.06407
1907.00664,1806.03107
1907.00664,1903.00606
1907.00664,1906.05253
1907.00664,1811.04551
1907.00664,2003.06417
1907.00664,1902.07685
1907.00664,1905.01537
1907.00664,1707.02038
1907.00664,1811.07819
1907.00664,1901.10995
1907.00664,1910.10045
1907.00664,1709.06560
1907.00664,1904.05869
1907.00664,1712.00948
1907.00664,1810.01257
1907.00664,1903.00374
1907.00813,1911.04014
1907.00813,1912.08951
1907.00813,1904.03564
1907.00813,1809.09165
1907.00813,2002.09465
1907.00941,1812.04103
1906.11021,2005.11895
1906.11021,1904.11483
1906.11021,1909.05665
1906.11021,2001.11231
1906.11021,1904.06025
1906.11021,2002.12613
1906.09722,1901.05797
1906.09722,1906.09907
1906.09722,1907.00697
1907.01413,1907.00758
1907.01413,1907.00835
1907.00678,1906.02287
1907.00678,1708.03731
1907.00678,1904.05381
1907.00678,1903.02521
1906.11259,1804.02398
1906.11259,2007.14384
1906.11880,1809.11096
1906.11880,1805.08318
1906.11880,2001.05216
1906.11880,2008.00362
1906.11880,1711.01558
1906.11880,2001.03640
1906.11880,1707.05776
1906.11880,2003.03581
1906.11880,1912.04958
1906.11880,1812.04948
1906.11555,1912.12033
1906.11555,2003.14286
1906.11555,1811.09361
1906.11555,2006.01570
1906.11555,2008.12066
1906.11555,2002.12222
1906.11555,2003.07238
1906.11555,1801.07829
1906.11555,1808.00671
1906.09088,1603.08785
1906.12043,2002.09539
1906.12043,1712.01887
1906.12043,2003.03009
1906.12043,1811.03619
1906.12043,1912.12844
1906.12043,2006.06377
1906.12043,1805.09767
1907.01696,1806.05473
1907.00782,2009.08063
1907.00782,2002.08570
1907.00782,2004.08856
1907.00782,2006.12101
1907.00782,2009.05537
1907.00782,2001.11718
1907.00782,2006.05535
1907.00782,2003.10637
1907.00782,1908.04920
1907.00782,1905.08320
1907.00782,2005.11753
1907.00782,1906.01562
1907.00782,1705.00831
1907.00782,2008.06170
1907.00782,2002.02096
1907.00782,2006.03637
1907.00782,1911.00222
1907.00782,2006.04695
1906.09032,2006.09449
1906.09032,1904.07785
1906.09032,2005.11041
1906.09032,1810.00826
1906.09032,1806.08804
1906.09032,2007.16002
1906.09032,2003.12724
1906.09068,1909.00668
1906.09384,2007.13256
1906.09384,2002.00762
1906.09384,2007.11967
1906.09384,2007.06368
1906.09384,2001.03543
1906.09384,2007.08561
1906.09384,2007.11416
1906.12213,1902.01724
1906.12213,2009.09068
1907.00485,1712.06541
1907.00485,1804.01592
1907.00485,1901.02220
1907.00485,1902.06015
1907.00485,2006.11727
1907.00485,1805.00915
1907.00953,2004.14990
1907.00953,2005.08114
1907.00953,1906.02736
1907.00953,1807.03748
1907.00953,2004.12570
1907.00953,1812.05905
1907.00953,1912.10703
1907.00953,2004.02860
1907.00953,2002.12852
1907.00953,2006.07549
1907.00953,2006.10742
1907.00953,2007.07170
1907.00953,1906.00446
1907.00953,2001.11628
1907.00953,2003.00370
1907.00953,1811.04551
1907.00953,2009.01791
1907.00953,1808.09105
1907.00953,2001.08726
1907.00953,2007.04938
1907.00953,2002.11903
1907.00953,1912.01603
1907.00953,2003.12464
1907.00953,2007.14535
1907.00953,1906.09237
1907.00953,2004.11149
1907.00953,1910.01741
1907.00953,2007.12401
1907.00953,1902.02102
1907.00953,2009.08319
1907.00953,2007.05929
1907.00953,1901.11524
1907.00953,2006.10701
1907.00953,1912.04443
1907.00953,2004.13649
1907.00953,1909.11639
1907.00953,2006.02608
1907.00953,2006.13202
1907.00953,2004.04136
1907.01332,2004.00077
1907.01332,2006.00622
1906.09266,1908.08207
1906.09988,1904.09237
1906.09988,1903.02026
1906.09988,1806.09907
1906.09988,2008.03949
1906.10670,1803.08680
1906.10670,2007.10685
1906.10670,1910.07387
1906.10670,2001.04051
1906.10670,1802.03888
1906.10670,1805.12152
1906.10670,1911.11888
1906.10670,2006.11371
1906.10670,1610.02391
1906.10670,2001.05371
1906.10670,1912.10065
1906.10670,1901.08573
1906.10670,1909.13584
1906.10670,1905.04610
1906.10670,2009.07896
1906.10670,1902.10811
1906.10670,1905.02175
1906.10670,2002.04138
1906.10670,1704.02685
1906.10670,2006.04896
1907.00374,1804.05810
1907.00374,2007.00753
1907.00374,2001.08001
1907.00374,1706.06083
1907.00374,1705.07204
1906.11307,1905.13348
1906.12177,1902.10421
1906.12177,2005.02987
1906.12177,1710.03778
1906.12177,2002.02857
1907.00697,1912.06444
1907.00697,1906.09722
1906.11874,1812.01584
1906.11874,2004.01804
1906.11874,1709.01507
1906.11874,1811.00202
1906.11874,1903.10663
1906.11992,1802.02899
1906.11992,2001.08434
1906.12165,2001.06891
1906.12165,2008.06941
1906.12165,2008.05826
1906.12165,2008.08257
1906.12165,1906.02497
1906.09340,1902.04178
1906.09340,1902.04179
1907.01851,1803.10470
1907.01851,1810.08647
1906.09333,1905.11741
1906.09333,1805.09235
1906.09333,1711.01558
1906.09333,1612.00410
1906.09333,1904.03445
1907.00318,2009.04507
1907.00318,2007.08146
1907.00318,2007.15273
1907.00318,2008.08055
1907.00318,2005.09531
1906.09059,1902.00681
1906.09059,1904.07272
1906.09059,1705.07041
1906.09059,1809.01382
1906.09059,1707.02038
1907.01607,1709.01620
1907.01607,1904.08842
1907.01607,1906.00446
1906.11080,2007.09180
1906.11080,2007.01500
1906.11080,2006.14208
1906.11080,1809.11096
1906.11080,1805.08318
1906.11080,1812.00332
1906.11080,1806.09055
1906.11080,1909.03184
1906.11080,1802.01548
1906.11080,1912.02037
1906.11080,1808.07233
1906.11080,1703.10593
1906.11080,1912.00606
1906.11080,2008.01475
1906.09972,1803.05428
1906.09972,1902.02192
1906.12021,2004.03879
1906.12021,1907.07863
1906.12021,1910.04287
1906.12021,2004.03867
1906.12021,2004.13524
1906.12021,1912.04229
1906.12021,1709.01507
1906.12021,1907.04835
1906.12021,2008.10774
1906.12021,1909.07577
1906.12021,1904.07523
1907.01481,2001.08047
1907.01481,1810.03707
1907.01481,2008.09457
1907.01481,1901.06447
1907.01481,1812.02541
1907.01481,2007.09545
1907.01481,1903.03340
1907.01481,2004.13449
1907.01481,2008.04451
1907.01481,2006.05927
1907.01481,2008.08324
1907.01481,2004.00060
1907.01481,2003.13764
1907.01481,1902.03451
1907.01481,1904.05349
1907.01481,2003.09282
1907.01481,2006.15561
1907.01481,2008.12024
1907.01481,2003.06000
1907.01481,2008.09062
1907.01481,1909.04349
1907.01481,1904.05767
1907.01481,1902.01275
1907.01003,1811.02248
1907.01003,1910.09338
1907.01003,1811.09600
1907.01003,2003.09347
1907.01003,1910.08640
1907.01003,2002.08347
1907.01003,1902.06705
1907.01003,1706.06083
1907.01003,1905.07672
1907.01003,2009.09612
1907.01003,1911.05072
1906.12086,1602.04450
1906.12086,2001.01818
1906.10732,1902.09574
1906.10732,2009.07439
1906.10732,1810.05270
1906.10732,2006.09358
1906.10732,1903.07138
1906.10732,2002.07376
1906.10732,1911.11134
1906.10732,2004.11515
1906.10732,1902.05967
1906.10732,2003.05733
1906.10732,2009.08576
1906.10732,1903.01611
1906.10732,1908.11133
1906.12179,1911.10500
1906.12179,1809.09337
1906.12179,1710.11469
1906.10462,1905.12615
1906.10462,1909.08610
1906.10462,2003.00430
1906.10462,1807.02264
1906.10462,1509.02971
1906.10462,1908.03263
1906.10462,1806.00952
1906.10462,1810.06509
1907.00240,1907.00246
1907.00240,1905.05013
1907.01273,1811.10698
1907.01841,1812.04948
1907.01841,1805.08318
1907.01841,2007.14177
1906.10502,1805.12589
1906.10502,2005.14015
1906.10502,2005.10636
1906.10042,2004.12031
1906.10042,2008.04237
1906.10042,2007.01216
1906.10042,1911.03977
1906.10431,2006.07562
1906.10431,2005.11593
1906.10431,1910.06996
1906.10431,1905.08165
1906.10431,1911.07676
1906.10431,1910.10945
1906.10431,2007.00953
1906.10431,2008.07606
1906.10431,2005.09841
1906.10431,2006.11647
1906.10431,2007.00969
1907.00749,1906.03037
1907.00749,2005.00336
1907.00749,1904.09631
1907.00031,2007.00642
1907.00031,1802.04537
1907.00031,2004.03553
1907.00031,1805.10469
1907.00031,1808.02078
1907.00031,2008.01998
1907.00031,2007.03898
1907.00031,1805.08498
1907.00770,1805.10469
1906.11945,2006.15733
1906.11945,1910.05861
1906.11945,2006.12231
1906.11945,1910.12686
1906.11945,2007.15884
1906.11945,1906.05497
1907.01742,1901.01189
1907.01742,2003.09889
1907.00241,2004.04872
1907.00241,2004.01157
1907.00241,1807.04010
1906.11626,1812.07478
1906.11626,1901.09181
1906.11626,1810.02340
1906.11626,1902.05967
1906.11626,1904.10631
1906.10183,1901.04056
1906.10770,2007.11301
1906.10770,2002.11894
1906.10770,2006.05121
1906.10770,1911.02739
1906.10770,1911.10354
1906.10770,2007.13135
1906.10770,1911.11390
1906.10770,2006.07214
1906.10770,1910.03343
1906.10770,2004.14025
1906.10770,1912.09589
1906.10770,2004.02194
1906.10770,2002.05556
1906.10770,2003.09853
1906.10770,2001.05840
1906.10770,2003.08897
1906.10770,1909.11740
1906.10770,1908.03557
1906.10770,2002.12204
1906.10770,2006.00753
1906.10770,2006.14744
1906.10770,2008.01180
1906.10770,2004.05595
1906.10770,2007.13262
1906.10770,2006.14264
1906.10770,2006.05726
1906.10770,2005.07493
1906.10770,2004.02707
1906.10770,1912.03063
1906.10770,1908.04107
1906.10770,2004.11883
1906.10770,2006.06195
1906.10770,2004.12070
1906.10770,1910.03230
1906.10770,1811.08481
1906.10770,1708.03619
1906.10770,2003.11618
1906.10770,2007.14419
1906.10770,2008.00230
1906.10770,2001.07059
1906.10770,2001.03615
1906.10770,1912.10675
1906.10770,2009.05684
1906.10770,2006.15955
1906.10770,2004.13073
1906.10770,2007.01947
1906.10770,2002.08325
1906.10770,2008.10238
1906.10770,2007.02036
1906.10770,2004.04963
1906.10770,1908.07490
1906.10770,2004.08744
1906.11389,1802.03426
1906.12171,2003.11246
1906.10555,2005.09812
1906.10555,2002.03977
1906.10555,2007.10937
1906.10555,2004.02678
1906.10555,2008.03546
1906.10555,1901.01342
1907.00895,2005.14611
1907.00895,1706.06083
1907.00895,2008.03209
1907.00895,1810.01279
1906.10338,1906.09763
1906.12176,1901.07827
1906.12176,1910.04335
1906.12176,2002.03895
1906.12176,2009.07719
1906.09833,1911.03362
1906.09833,2004.06063
1906.09833,2004.04721
1906.09506,1804.11192
1906.09506,1903.03714
1906.09506,1911.00492
1906.09506,2003.00911
1906.11537,2006.11695
1906.11537,2005.04165
1906.11537,1912.08416
1906.11537,2009.01730
1906.11537,2006.11631
1906.11537,2005.08140
1906.11537,2008.08400
1906.11537,1909.00719
1906.11537,1907.07504
1907.01011,1812.07809
1907.01011,2007.00790
1907.01011,1707.08308
1907.01011,2001.01523
1907.01011,2003.01848
1906.09926,2004.08555
1906.09926,2005.10111
1906.09926,1805.03714
1906.09926,1704.04110
1906.10545,1901.02354
1906.10545,1902.03793
1906.10545,1811.12359
1906.10545,1907.06572
1906.09631,1904.02454
1906.09631,1907.08870
1906.09631,1811.02667
1906.09631,1905.02488
1906.09631,1901.08658
1906.10015,1906.03022
1906.10015,1906.10592
1907.01047,1904.12178
1907.01047,1911.05041
1907.01047,1912.04999
1907.01298,1509.02971
1907.01298,1906.09784
1907.01298,1812.05905
1907.01298,1901.11275
1906.12264,1807.02189
1906.08957,1907.10159
1906.08957,1808.10502
1907.01702,1904.02639
1907.01702,1703.10593
1907.01702,2006.05534
1906.10115,1802.04537
1906.10115,2003.01687
1906.10115,2003.10374
1906.10115,1910.14265
1906.10115,2006.10343
1906.09136,1908.04734
1906.09136,1902.09980
1906.09136,1902.09469
1906.09136,1903.01021
1906.10643,1905.06179
1906.10643,1812.04426
1906.10643,1903.02154
1906.10643,1806.00681
1906.10643,2006.02420
1906.10643,1905.00877
1906.10643,1902.10887
1906.10643,1906.02762
1906.10643,1901.10415
1906.10643,2002.12351
1906.10643,1811.10745
1906.10643,1810.06397
1906.10643,1902.10170
1906.10643,1802.08831
1906.10643,2006.00171
1906.10643,1710.10121
1906.10643,1806.07366
1906.10643,1812.00510
1907.00927,1902.01998
1907.00927,1803.02815
1907.00927,2007.15618
1907.00927,2007.15839
1907.00927,1907.03087
1907.00927,1909.08755
1907.00927,1906.11366
1907.00927,1908.04468
1906.10343,1904.05801
1906.10343,1903.02271
1906.10343,1707.00600
1906.10343,1901.04596
1906.10343,1905.02249
1906.10343,1804.09170
1906.10343,1902.06162
1906.10343,1904.04717
1906.10343,1901.09005
1906.10343,1806.05594
1906.10343,2005.02523
1906.10343,1903.03825
1906.10343,2008.05258
1906.10343,1905.03670
1906.09264,1903.05946
1907.00397,2009.01783
1907.00397,1811.04968
1907.00397,1812.08451
1907.00397,2006.12270
1907.00397,2002.06395
1907.00397,1910.12760
1907.00397,2008.07524
1907.00397,1909.04226
1906.10612,2004.02322
1906.10612,1802.07486
1906.10612,2009.08810
1907.01414,2001.07904
1907.01414,1908.04725
1907.01649,2009.04790
1906.11058,2006.14364
1906.10822,2006.05720
1906.10822,2006.14567
1906.10822,1805.11604
1906.10822,1803.00195
1906.10822,1807.05031
1906.10822,1811.12019
1906.10104,2006.08021
1906.10104,1901.06013
1906.11976,1907.02677
1906.10887,2007.11679
1906.10887,1801.07829
1907.00118,1801.02610
1907.00118,1809.11096
1907.00118,1703.10593
1907.01826,1812.02784
1907.01826,1908.00999
1907.01826,1912.06112
1907.01826,1805.08318
1907.01826,2005.13291
1907.01826,1912.06931
1907.01826,2008.13024
1907.01826,2006.01943
1907.01826,1905.09773
1907.01826,1904.06807
1907.01826,1903.05854
1907.01826,1901.04604
1907.01826,1904.02296
1907.01826,1703.10593
1907.01826,1904.09013
1907.01268,1907.02865
1907.01268,2008.11776
1907.01268,2007.02035
1907.01268,2006.13811
1907.01268,1911.03723
1907.01268,1902.05396
1907.01268,2008.12205
1907.01268,2008.01216
1907.01268,1812.07460
1906.12249,1904.02341
1906.10921,1904.00173
1907.00135,1801.00708
1907.00135,1911.05611
1907.00135,2007.09183
1907.00135,1904.01803
1907.00135,1808.03833
1907.00135,2002.10570
1907.00135,2008.03043
1907.00316,1802.06472
1907.00316,1903.04277
1907.00316,1909.05207
1907.00316,1606.05615
1907.00316,2005.14708
1907.00316,1711.02515
1907.01144,2003.12065
1907.01144,1907.09754
1907.01144,2008.10298
1907.01144,1806.06195
1907.01144,2006.05132
1907.01144,1905.01270
1907.01144,1907.11922
1907.01144,1703.10593
1906.09458,2003.08533
1906.09458,2006.04675
1907.00028,2007.00858
1907.01356,2003.13754
1907.01356,1910.08036
1906.09591,2005.03409
1906.09591,2008.12610
1907.00835,1911.03972
1907.00835,1907.01413
1907.00835,1907.00758
1907.00835,1906.04232
1907.00835,1907.10210
1907.01367,2008.09586
1907.01367,2005.08209
1907.01367,1901.10139
1907.01367,2004.02541
1906.11613,2002.11810
1906.11613,2006.07543
1906.11613,1910.02717
1907.00945,2002.10200
1907.00945,1903.11800
1907.00945,2007.00799
1907.00945,2005.03492
1907.00945,2007.09629
1907.00945,2003.10608
1907.00945,2001.00139
1907.00945,1904.01906
1907.00945,1904.01941
1907.00945,2002.10215
1907.00945,2006.00753
1906.11994,1901.00596
1906.11994,1802.04364
1906.11994,1802.04407
1906.11994,1806.02473
1906.11567,1909.06137
1906.11567,2006.11653
1906.11567,2002.06789
1906.11567,1809.04790
1906.11567,1910.11585
1906.09684,1910.09773
1906.09721,2001.10655
1906.10095,1902.08498
1906.10095,1806.08896
1907.01739,2007.02381
1906.11409,1907.00716
1906.11909,1807.02303
1906.11909,1910.04297
1906.11909,1901.08652
1907.00452,2001.06725
1906.11887,1805.09501
1906.11887,1802.01548
1906.11887,1709.01507
1906.11887,2008.02777
1906.11887,2008.09306
1906.10606,2008.02069
1906.10606,2008.02070
1906.12151,1901.10208
1906.11927,2007.10700
1906.11927,1912.10776
1906.11927,2009.05004
1907.01297,1810.01185
1906.09533,1503.05671
1907.01660,1802.03426
1907.00098,2005.13300
1907.00098,1905.07387
1907.00098,2009.09318
1907.00098,1807.03571
1906.11018,1811.07453
1906.11018,2008.05760
1906.09248,2003.08730
1906.09248,1911.06270
1906.09248,2004.06700
1906.09248,1905.10053
1906.09248,1901.08755
1906.10337,1912.04783
1906.10337,1811.00250
1906.10337,1912.10178
1906.10337,2001.08565
1906.10337,2007.01486
1906.10337,2005.12193
1906.10337,2007.06631
1906.10337,2006.04451
1906.11010,1906.11561
1906.11010,2001.10966
1906.11010,1904.06554
1906.11289,1710.05209
1907.01103,2002.02589
1907.01752,1811.02549
1907.01752,1509.02971
1907.01752,1912.03771
1907.01752,2009.07839
1907.01752,2006.03158
1907.01752,2003.02738
1906.10673,2004.02173
1906.10673,1906.11813
1906.10673,1802.08626
1906.10673,1901.10080
1906.10673,1911.13268
1906.09444,1902.10245
1906.09444,1911.10677
1906.09444,1911.09320
1907.01341,1911.11924
1907.01341,2006.04047
1907.01341,2007.13215
1907.01341,2001.00987
1907.01341,2004.03143
1907.01341,1904.04998
1907.01341,2004.04727
1907.01341,2004.11364
1907.01341,2003.08933
1907.01341,2008.01484
1907.01341,2004.15021
1907.01341,1904.11112
1907.01341,1904.02028
1907.01341,2007.11256
1907.01341,2007.13727
1907.01341,2007.09209
1907.01341,2006.15131
1907.01341,2008.12298
1907.01341,2003.00752
1907.01341,1908.00463
1907.01341,2002.06260
1907.01341,1806.09573
1907.01341,2002.00569
1907.01341,2004.01314
1907.01341,2004.01294
1907.01341,2007.05220
1907.01341,1909.09272
1907.01341,2008.10598
1907.01341,1905.12887
1907.01341,2006.05724
1907.01341,2007.03887
1907.01341,2003.10432
1907.01341,1910.09191
1907.01341,1904.11111
1907.01341,1904.10230
1907.01341,2004.00403
1907.01341,2001.01744
1907.01341,1810.04650
1907.01341,2008.09497
1907.01341,2005.08607
1907.00618,1912.00660
1907.00618,1712.01358
1907.00618,1812.04179
1907.00618,2006.08466
1907.00618,2009.03465
1907.00618,1911.07959
1907.01339,1908.06379
1907.01339,1909.01053
1907.01339,1902.10505
1906.11465,1801.04264
1906.11465,1802.03426
1906.11359,1911.11236
1906.11359,2003.00601
1906.11359,2006.09835
1906.11359,1801.07829
1906.11359,1905.04571
1906.11359,1803.07252
1906.10487,2002.03780
1906.11462,1911.02248
1906.11462,1909.03602
1906.11462,1812.07127
1906.11462,1801.00209
1906.11462,1909.04847
1907.01055,1808.10122
1907.00480,1709.06316
1907.00480,1810.03716
1907.00480,1903.07912
1906.10773,1805.12152
1906.10773,2004.12492
1906.10773,2002.08313
1906.10773,1706.06083
1906.10773,1705.07204
1906.11300,1912.06987
1906.11300,1712.06541
1906.11300,1912.13421
1906.11300,1912.01198
1906.11300,2004.12019
1906.11300,2002.04806
1906.11300,2002.08404
1906.11300,2002.10716
1906.11300,2009.10670
1906.11300,2004.04767
1906.11300,2006.04366
1906.11300,1903.08560
1906.11300,1906.05271
1906.11300,1903.11680
1906.11300,1806.07572
1906.11300,2003.02139
1906.11300,2005.04345
1906.11300,1901.08584
1906.11300,1912.04533
1906.11300,2007.12882
1906.11300,2008.01036
1906.11300,2005.00944
1906.11300,2003.11196
1906.11300,2003.01897
1906.11300,2002.00492
1906.11300,2005.00180
1906.11300,2002.01586
1906.11300,2005.00695
1906.11300,2006.15522
1906.11300,2005.08054
1906.11300,1912.02292
1906.11300,1911.07956
1906.11300,2006.10653
1906.11300,1910.04284
1906.11300,1903.07571
1906.11300,2006.10114
1906.11300,1908.10292
1906.11300,1810.07770
1906.11300,2006.06821
1906.11300,1811.03804
1906.11300,2006.05942
1906.11300,2009.08092
1906.11300,2006.12625
1906.11300,2007.12826
1906.11300,2008.06296
1906.11300,1810.02054
1906.11300,1903.09139
1906.11300,2004.11154
1906.11300,2006.08495
1906.11300,2002.09073
1906.11300,1912.07242
1906.11300,2006.05800
1906.11300,2007.08322
1906.11300,1808.01204
1906.11300,1812.11118
1906.11300,1911.05822
1906.11300,2008.00938
1906.11300,2002.01523
1906.11300,1808.00387
1906.11300,2002.11328
1906.11300,1909.11720
1906.11300,2004.07780
1906.11300,2001.11572
1906.11300,2008.02901
1906.11300,2007.06827
1906.11300,1905.12173
1906.11300,2006.05013
1906.11300,2007.04028
1906.11300,1912.04265
1906.11300,2006.09984
1906.10407,2009.08087
1906.10407,2003.13977
1906.10407,1901.06455
1906.11148,1901.04609
1906.11148,1902.01846
1906.11148,1901.05353
1906.11148,1804.05862
1906.11148,1712.09376
1906.11148,1806.03803
1906.11148,2006.14614
1907.01678,1810.06801
1907.01678,1609.05191
1907.01678,1608.04636
1907.01678,1902.03694
1907.01678,2006.07867
1907.01678,1810.02565
1907.01678,2006.09313
1907.01678,1904.09237
1907.01678,2007.03311
1907.01678,2007.01547
1907.01669,1908.01946
1907.01669,1902.08858
1907.01669,2002.08898
1907.01669,1905.08743
1907.01669,1910.03544
1907.01669,2005.07362
1907.01669,1904.08637
1907.01669,2009.08115
1907.01669,2006.06814
1907.01669,2002.04793
1907.01669,2006.01460
1907.01669,2005.13129
1907.01669,1907.00883
1907.01669,2002.08024
1907.01669,2006.03533
1907.01669,2002.02450
1907.01669,2004.03386
1907.01669,2004.12363
1907.01669,2004.08114
1907.01669,2004.05827
1907.01669,2006.08331
1907.01669,1911.06192
1907.01669,2004.14307
1906.11906,2009.02491
1906.11883,1807.06653
1906.11883,2006.01030
1906.11883,1909.06933
1906.11883,1903.00450
1906.11883,1910.12827
1906.11883,1906.07889
1906.11883,1904.04998
1906.11883,2007.00631
1906.11883,2009.03855
1906.11883,2003.01384
1906.11883,2007.09294
1906.11883,2006.15055
1906.11883,2002.06703
1906.11883,1901.10995
1906.11883,2004.07155
1906.11883,2004.07936
1906.11883,2007.01926
1906.11883,2005.14679
1906.11883,1912.03845
1906.11883,1901.11390
1906.11883,2003.08165
1906.11883,2005.07870
1906.11883,2007.08973
1906.11883,1910.02564
1906.11883,1912.04943
1906.11883,1903.00374
1906.08960,2001.08740
1906.08960,1905.12462
1906.08960,1811.10698
1906.08960,1910.06693
1906.09293,2004.07769
1906.09293,1911.12199
1906.09293,2003.03934
1906.09293,2009.07165
1906.11658,2003.00964
1906.10655,1808.03880
1906.10655,1811.01903
1906.10655,2007.04528
1906.10655,2001.02968
1907.01714,1801.07698
1907.01714,1804.02958
1906.09400,1904.10509
1906.09400,1810.09136
1906.09400,1901.09006
1906.09400,1903.01939
1906.10019,1910.14502
1906.12181,2001.11761
1906.12181,1609.00344
1906.12181,1812.09502
1906.10094,1905.03729
1906.11684,2007.03748
1906.09744,1907.00378
1906.12192,2003.00982
1906.12192,1911.12950
1906.12192,1810.00826
1906.12192,2008.03226
1906.12192,1906.11786
1906.12192,1905.10006
1906.12192,1810.08305
1906.12192,1904.05811
1906.12192,1802.03685
1906.12192,2006.05205
1906.12192,1912.09867
1906.12192,1811.05868
1906.12192,1910.07517
1906.12192,2008.09657
1907.00269,1509.02971
1907.00269,1709.06560
1907.00542,2001.11688
1906.10592,1906.10015
1906.10592,1910.12674
1906.11129,1912.03151
1906.11129,2003.10985
1906.11129,1908.10937
1906.11129,2004.03597
1906.11129,2007.08979
1906.11129,1910.12384
1906.11129,1912.07150
1906.11129,1909.04207
1906.11129,1904.04605
1906.11129,1701.05957
1906.11129,2006.05580
1906.10623,1907.04928
1906.10623,1905.12082
1906.10623,1907.03196
1906.10623,2001.11976
1906.10851,1905.05917
1906.10851,1904.11681
1906.10851,1909.05207
1906.12266,1902.04043
1906.12266,1902.01119
1906.12266,1711.08946
1906.12266,2001.08116
1906.12266,2003.08839
1907.00300,2008.02957
1907.00300,1903.00001
1907.00182,1806.08568
1907.00182,2009.07213
1907.00182,1906.04452
1907.00182,1906.02899
1907.00182,1909.08383
1907.00182,1708.02190
1907.00182,1705.09847
1907.00182,1805.09733
1907.00182,1810.06284
1907.00182,2003.04664
1907.00182,1809.02058
1907.00182,2008.06693
1907.00182,1907.05855
1907.00182,1810.12069
1907.00182,2006.11234
1907.00182,1902.09434
1907.00182,1810.06544
1907.00182,1802.07569
1907.00182,1907.03799
1907.00182,1912.01100
1907.00182,1905.10112
1907.00182,1901.08651
1907.00182,1806.10840
1907.00182,1811.07017
1907.00182,1905.08101
1907.00182,1812.00420
1907.00182,1809.05922
1907.00182,1907.07844
1907.00182,1901.00811
1906.10725,2006.08701
1906.10725,2007.07142
1906.10816,1809.08887
1906.10816,2003.01318
1906.10816,1906.11790
1906.10816,1805.08490
1906.11633,1808.00177
1906.11633,1910.08639
1906.11633,1910.07113
1906.11633,1902.01378
1906.11633,1909.11512
1906.11633,2006.05180
1906.11633,1809.02627
1907.01452,2008.00362
1907.01452,2004.03064
1907.01452,1905.01270
1907.01452,1808.04325
1907.01452,1812.04948
1907.01452,1810.11610
1907.01452,1812.08861
1907.01452,2004.02377
1907.01452,1703.10593
1907.01452,1811.12784
1906.11798,2007.15528
1906.11798,2007.14321
1906.11798,2003.10595
1906.11798,1910.02249
1906.11798,2005.02205
1906.11798,2009.03561
1906.11798,2001.10648
1906.11798,2002.06856
1906.11798,2005.02131
1906.11798,1812.06210
1906.11798,1906.06589
1906.09331,1807.03288
1906.09331,2002.11137
1906.12035,2003.08271
1906.10264,1901.05761
1906.10264,1910.09323
1906.10264,2007.00767
1906.10264,1811.04551
1906.10264,2008.09469
1906.10264,2008.02956
1906.10264,2002.10516
1906.10264,1906.05915
1906.10925,1812.00438
1907.00141,2006.10208
1907.00141,1603.06318
1907.00141,2008.10549
1906.11333,2004.01840
1906.11333,1802.08626
1906.11333,1808.08619
1906.10886,2007.15258
1906.10886,2004.01607
1906.10886,1805.11247
1906.10886,2002.10749
1906.12187,2004.12165
1906.12187,2004.05310
1907.00443,1911.08332
1907.01070,2006.13682
1907.01070,1907.01086
1906.09223,2009.07888
1906.09223,2008.00546
1907.01623,1912.02400
1907.01623,2001.01326
1907.01623,1907.06562
1907.01623,2009.00655
1907.01623,1903.10545
1906.09300,1908.01790
1906.09300,2007.02407
1906.09300,1908.03176
1906.09300,1908.02706
1906.09300,1908.09630
1906.09300,2007.15850
1906.11176,1812.07252
1906.11176,1911.01103
1906.11176,1910.08639
1906.11176,2008.04589
1906.11176,2008.01156
1906.11176,2009.09595
1906.11176,1909.12271
1906.11109,2007.09860
1906.11109,2003.08429
1906.11109,2007.08921
1906.11109,1912.05070
1906.11109,2006.09306
1906.11109,2001.00309
1906.11109,2004.05310
1906.11109,1911.11263
1906.11109,2003.05664
1906.11109,2007.14772
1906.11109,1912.06218
1906.11109,2003.06537
1906.11109,2003.06849
1906.11109,2007.01550
1906.11109,2001.09425
1906.11109,2007.15629
1906.11109,2001.01629
1906.11109,2003.07064
1906.11109,2008.08311
1906.11109,1912.01202
1906.11109,2009.07611
1906.11109,1910.11296
1906.11109,1909.01616
1906.11109,2004.01849
1906.11109,2007.01549
1906.11109,1912.01954
1906.11109,1912.02801
1906.11109,2002.07705
1906.11109,2002.03605
1906.11109,2003.07853
1906.11109,1907.13236
1906.11109,2008.00460
1906.11109,1911.10194
1906.11109,2007.06660
1906.11109,2007.10202
1906.11109,1912.00145
1906.11109,2007.08073
1906.12222,2001.04959
1906.12222,1901.06328
1907.00456,2003.11881
1907.00456,2007.09055
1907.00456,2006.13888
1907.00456,1906.08487
1907.00456,2008.13221
1907.00456,1910.12179
1907.00456,1910.01708
1907.00456,2006.15134
1907.00456,1909.12200
1907.00456,1901.05415
1907.00456,2006.09359
1907.00456,2004.07219
1907.00456,2002.05522
1907.00456,1812.08989
1907.00456,2006.03647
1907.00456,2009.06799
1907.00456,1909.08593
1907.00456,2006.04779
1907.00456,1812.02900
1907.00456,1902.05605
1907.00456,2005.05951
1907.00456,1901.09455
1907.00456,1904.08473
1907.00456,1909.07547
1907.00456,1907.04543
1907.00456,1802.04412
1907.00456,2006.13916
1907.00456,2008.12095
1907.00456,1906.09308
1907.00456,2008.05533
1907.00456,2009.07839
1907.00456,2008.06043
1907.00456,2005.01643
1907.00456,2007.11091
1907.00456,1911.11361
1907.00456,1906.00949
1907.00456,2006.11714
1907.00456,1911.05321
1907.00456,2005.13239
1906.10197,1904.00760
1906.10197,1811.12231
1906.10197,1909.05885
1906.10197,2003.05573
1906.10197,1906.05381
1906.10197,1902.04552
1906.10197,1911.11237
1906.09205,1810.11910
1906.09205,1902.09097
1906.09510,1811.06407
1906.09510,1806.03107
1906.09510,2001.11628
1906.09510,1807.03748
1906.09510,1806.01363
1906.11392,1609.05191
1906.11392,1806.05722
1906.11392,2006.05738
1906.11392,1912.13143
1906.11392,1812.08305
1906.11392,1812.03565
1906.11392,1903.09122
1906.11392,2002.05141
1906.11392,1906.01584
1906.11392,1910.09496
1906.11392,1912.10697
1906.11392,1801.05039
1906.11392,1902.07826
1906.11392,1509.02971
1906.11392,1705.07041
1906.11392,2006.12687
1906.11392,1906.11395
1906.11392,1707.02038
1906.11392,1902.06223
1907.00441,1905.05675
1907.00441,1801.03150
1906.11335,1910.03483
1906.11667,1904.09035
1906.11667,1806.09055
1906.11667,1902.06703
1906.11667,1902.02947
1906.11667,1802.01548
1906.11667,1802.07191
1906.11667,1710.08864
1906.11667,2008.00698
1906.11667,1706.06083
1906.11667,1908.00709
1906.11667,2007.08428
1906.11667,1705.07204
1906.11667,1808.07233
1906.11667,2008.01475
1906.11884,1912.06874
1906.11884,1910.12906
1906.11884,2003.06692
1906.11884,1907.00377
1906.11884,2008.02661
1906.11884,2009.08906
1906.11884,1911.08708
1906.11884,2003.01062
1907.00503,2008.12763
1907.00503,2006.03423
1907.00503,2005.03773
1907.00503,2009.05322
1907.00503,2006.14284
1907.00503,2007.05033
1907.00503,2008.06933
1907.00503,2006.12302
1907.00503,2008.09202
1907.00503,2008.10138
1907.00503,1912.02423
1907.00503,2009.06399
1907.00503,2001.03698
1907.01821,1911.01490
1907.01821,1907.06490
1906.10304,1710.05468
1906.11301,1906.11313
1906.11301,1906.11310
1906.11301,1911.00523
1906.11301,1907.08971
1906.10288,1906.08620
1907.00693,1811.04256
1906.10991,2007.02771
1906.10991,2001.11905
1906.10991,1906.03849
1906.10991,2005.12175
1907.01197,1902.10660
1907.01197,1706.06083
1907.01197,2007.02771
1907.01197,2008.08755
1907.01216,2007.02407
1907.01216,1911.04278
1907.01216,1901.04997
1907.01216,2002.02741
1907.01216,1907.07487
1907.01512,2005.01494
1906.10329,2004.06069
1906.10329,2008.09172
1906.10329,1909.05738
1906.10329,1810.07758
1906.10329,1907.11815
1906.10329,2007.06682
1906.10329,1811.10166
1906.10329,1809.04356
1906.10329,2001.04077
1906.10329,1910.13051
1906.10263,1807.02910
1906.10263,1909.02437
1906.10263,1810.09352
1906.10263,2006.11371
1906.10263,1911.07702
1906.10263,2005.02387
1906.10263,2006.05714
1906.10263,2007.10256
1906.10263,1903.11420
1906.10263,2003.08371
1906.10263,2005.02249
1907.00852,2006.02419
1907.00852,2005.00110
1907.00852,2001.09063
1907.00852,1911.01892
1907.00852,2007.01919
1907.00852,1905.12330
1907.00852,2002.01335
1907.00852,1902.07181
1907.00852,1905.13687
1907.00852,1903.05168
1907.00852,2004.03420
1907.00852,2004.09124
1907.00852,2008.09860
1907.00852,1910.06079
1907.00852,2007.09469
1907.00852,1905.12561
1906.10654,1509.02971
1906.10654,1909.13600
1906.10654,2004.05519
1906.10654,2004.05511
1906.10654,2007.09527
1906.10654,2004.07876
1906.11046,1706.02275
1906.11046,1908.01112
1906.11046,1509.02971
1906.11046,1901.08740
1906.11046,1908.03963
1907.01803,1909.02859
1907.01803,2007.13503
1907.01803,2005.00145
1907.01803,1909.02869
1907.01803,1911.05833
1907.00157,2007.06769
1906.11942,2002.12415
1906.11942,1902.02777
1906.09693,2004.09403
1906.09693,1909.04079
1906.09693,2005.11653
1906.09693,1912.03672
1906.09693,2006.04996
1907.01030,2005.07578
1907.01030,2007.11794
1907.01030,2002.05967
1906.10973,1812.03411
1906.10973,1906.03787
1906.10973,1902.04818
1906.10973,1906.00258
1906.10973,1706.06083
1906.10973,1705.07204
1907.01319,2008.05772
1907.01319,2004.07624
1907.01319,2005.07545
1907.01319,1908.09414
1907.01319,2003.09514
1907.01319,2001.08601
1907.01319,2003.08073
1907.01470,1910.02974
1907.01470,2002.09402
1907.01470,1912.08226
1907.01470,1910.05895
1907.01470,2004.07320
1907.01470,2004.03761
1907.01470,1911.09483
1907.01470,1901.02860
1907.01470,1904.10509
1907.01470,1912.11959
1907.01470,2001.04451
1907.01470,2009.06732
1907.01470,1910.13282
1907.01470,1905.07799
1907.01657,1907.07029
1907.01657,2006.06352
1907.01657,2002.03647
1907.01657,2008.12228
1907.01657,2005.10696
1907.01657,1812.05905
1907.01657,2006.04021
1907.01657,1612.00410
1907.01657,2003.01709
1907.01657,2004.12974
1907.01657,2009.01791
1907.01657,1908.06976
1907.01657,2005.05960
1907.01657,2004.08763
1907.01657,2006.14363
1907.01657,2001.03780
1907.01657,2001.01878
1907.01657,1912.03845
1907.01657,2002.01059
1907.01657,1806.04640
1907.01657,1910.01179
1907.01657,2006.12903
1907.01657,2006.06620
1907.01657,2005.07541
1907.01773,1703.07195
1906.11578,1905.05675
1906.11729,1706.06083
1906.11729,1810.00740
1906.11729,2007.05817
1906.10908,1910.12366
1906.10908,1905.09165
1906.10908,1706.06083
1906.10908,1910.05429
1906.10908,1802.05351
1906.10908,1911.07100
1906.09907,1901.05797
1906.09907,1906.09722
1907.01523,2003.09375
1907.01523,2009.06010
1907.01523,2007.10102
1907.01523,2002.11045
1907.01523,1907.08349
1906.10842,2006.05646
1906.10842,1803.06975
1906.10842,2007.08745
1906.10842,1708.06733
1906.10842,2007.15802
1906.10842,2007.10760
1906.10842,2007.08273
1906.11663,1901.08971
1906.11663,2004.08443
1906.11663,1812.02510
1906.09468,1907.02704
1906.09437,2002.05545
1907.00856,1809.02983
1907.00856,1902.03368
1906.10169,2002.11894
1906.10169,1809.02156
1906.10169,2006.10079
1906.10169,2006.05121
1906.10169,2004.11457
1906.10169,2007.03626
1906.10169,2002.12204
1906.10169,1807.08556
1906.10169,1811.10830
1906.10169,2003.06576
1906.10169,2009.08566
1906.10169,2006.05726
1906.10169,2007.06198
1906.10169,1903.00366
1906.10169,1812.05252
1906.10169,2005.09241
1906.10169,2003.00303
1906.10169,1811.08481
1906.10169,1708.03619
1906.10169,1902.09487
1906.10169,1911.03977
1906.10169,1910.02806
1906.10169,2001.07059
1906.10169,2004.02032
1906.10169,2001.01037
1906.10169,1902.00038
1906.10169,2002.11949
1906.10169,2004.09034
1906.10169,1902.09506
1906.10169,1812.01855
1906.10169,2003.03923
1906.10169,2006.04315
1906.10169,2009.07526
1906.10169,2004.05704
1906.11894,1905.09113
1906.11894,2003.08632
1906.11894,1903.03341
1907.01632,1811.09621
1907.01632,2006.05531
1907.01632,1806.09206
1907.01632,1810.08678
1907.01632,1902.10501
1907.01632,1802.04364
1907.01632,1905.12033
1907.01632,1812.01729
1907.01632,1711.01558
1907.01632,1910.11499
1907.01632,1906.05221
1907.01632,1812.02706
1907.01632,1906.00957
1907.01632,2003.13755
1907.01632,1905.13741
1907.01632,1909.00949
1907.01632,1905.13639
1907.01632,1811.12823
1907.01632,1906.03220
1907.01632,1812.01736
1907.01632,1802.05283
1907.01632,1805.09076
1907.01632,1904.00314
1907.01632,1810.00826
1907.01632,2003.13754
1907.01632,1809.02745
1907.01632,1902.02119
1907.01632,1904.01561
1907.01632,1803.10459
1907.01632,1904.08915
1907.01632,2005.08968
1907.01879,1910.03239
1907.01879,1902.04987
1906.09691,1712.07822
1906.09691,1908.11462
1906.09691,2003.06635
1906.09691,1906.09218
1906.09691,1908.10962
1906.09691,2007.04462
1906.09691,1703.10593
1906.09691,1802.04307
1906.09955,1911.12409
1906.09955,2006.07743
1906.09955,2008.07404
1906.09955,2002.05907
1906.09955,1904.12659
1906.09955,1902.09130
1906.09955,2006.07744
1906.09955,1911.08708
1907.01697,2002.11714
1907.01697,1903.10572
1906.09557,1905.04919
1906.09557,2007.06103
1906.09557,1806.09055
1906.09557,1812.00332
1906.09557,1802.01548
1906.09557,1808.05377
1906.09557,1807.11626
1906.09557,1904.00420
1906.09557,1808.07233
1906.09557,1812.09926
1906.10188,2004.09685
1906.10964,2006.04307
1906.10964,1906.11873
1906.12089,2004.04423
1906.12089,2003.00719
1906.10771,1812.06224
1906.10771,2002.08258
1906.10771,1907.06065
1906.10771,2004.08704
1906.10771,2005.07839
1906.10771,1911.11907
1906.10771,2008.13590
1906.10771,2007.11752
1906.10771,2002.08127
1906.10771,2003.13683
1906.10771,1912.08795
1906.10771,1803.03635
1906.10771,2001.01050
1906.10771,2005.01908
1906.10771,1912.03896
1906.10771,1905.09717
1906.10771,2002.06987
1906.10771,2006.12813
1906.10771,1906.08746
1906.10771,2005.06870
1906.10771,2006.08554
1906.10771,2008.11062
1906.10771,1810.05270
1906.10771,2005.08931
1906.10771,2007.02491
1906.10771,2003.08866
1906.10771,2009.11839
1906.10771,2007.06932
1906.10771,2005.13796
1906.10771,2002.09958
1906.10771,1904.12368
1906.10771,2009.05300
1906.10771,1911.08114
1906.10771,2003.03961
1906.10771,2003.08935
1906.10771,2001.05868
1906.10771,2006.02768
1906.10771,1805.08941
1906.10771,2006.05467
1906.10771,1909.11481
1906.10771,2009.05014
1906.10771,1909.05675
1906.10771,2003.05891
1906.10771,2008.13006
1906.10771,2002.12416
1906.10771,2003.06757
1906.10771,2007.02066
1906.10771,2005.02634
1906.10771,1912.08881
1906.10771,2007.05667
1906.12304,1906.01908
1907.01647,2003.03627
1907.00262,1902.09574
1907.00262,1803.03635
1907.00262,1903.01611
1907.00262,1810.05270
1907.00068,1912.12318
1907.00068,1903.02026
1906.11527,1509.02971
1906.11527,1709.06560
1906.11527,2009.06390
1906.11527,1912.13075
1907.00526,1810.01222
1907.00526,1709.06560
1907.00526,1509.02971
1907.01847,1812.02707
1907.01847,1812.05038
1907.01847,1812.03982
1907.01845,1911.13053
1907.01845,1906.07155
1907.01845,2003.04619
1907.01845,2009.08886
1907.01845,2004.13431
1907.01845,1805.09501
1907.01845,1807.11626
1907.01845,2003.04276
1907.01845,1909.09656
1907.01845,2007.03154
1907.01845,1904.00438
1907.01845,2005.03566
1907.01845,1905.11946
1907.01845,2008.01475
1907.01845,1910.11609
1907.01845,2004.08008
1907.01845,2006.14208
1907.01845,1912.09640
1907.01845,1808.07233
1907.01845,1812.00332
1907.01845,2003.01335
1907.01845,1905.07529
1907.01845,1811.06965
1907.01845,2005.07564
1907.01845,2006.11321
1907.01845,2003.05112
1907.01845,2007.10396
1907.01845,2007.07197
1907.01845,1905.02244
1907.01845,2001.05887
1907.01845,1911.12126
1907.01845,2004.12070
1907.01845,2004.08423
1907.01845,1908.01314
1907.01845,2008.03064
1907.01845,1806.09055
1907.01845,2004.08870
1907.01845,1802.01548
1907.01845,2003.13089
1907.01845,1801.04381
1907.01845,1910.02543
1907.01845,2002.04289
1907.01845,1812.03443
1907.01845,1901.01074
1907.01845,1904.00420
1907.01845,2006.10724
1907.01845,2003.02793
1907.01845,1805.08974
1907.01845,1810.03522
1907.01845,1912.10952
1907.01845,1908.06022
1907.01845,2005.10511
1907.01845,2006.06863
1907.01845,2003.09821
1907.01845,2006.02903
1907.01845,1904.02877
1907.01845,2008.10309
1907.01845,1902.08142
1907.01845,2003.11236
1907.01845,1909.06035
1907.01845,1910.01271
1907.01845,1908.09791
1907.01845,2005.05859
1907.01845,2009.01027
1907.01845,1902.07638
1907.01845,2004.02767
1907.01845,1912.00195
1907.01845,2002.12580
1907.01845,1912.12825
1907.01845,1909.04977
1907.01845,2002.09128
1907.01845,1906.09607
1907.01845,1912.09628
1907.01845,1907.09595
1906.12345,1902.00340
1906.12345,1906.02702
1906.12345,1704.07807
1906.12345,1811.10792
1906.12345,2006.13838
1906.12345,1805.11384
1907.01176,2001.10900
1906.10124,1706.02275
1906.10124,1707.09183
1906.10124,1907.13220
1906.10124,1808.00177
1906.10124,1810.05587
1906.10124,1809.09095
1906.10124,1912.03558
1906.10124,1904.05759
1906.10124,1905.01360
1906.10124,1809.05188
1906.10124,1803.07612
1906.10124,1903.10545
1906.09436,1909.03037
1906.09436,1905.12787
1906.09436,1906.02590
1906.09436,2004.04674
1906.09436,1906.03148
1906.09436,2006.11385
1906.09436,2006.15736
1906.09436,1910.05437
1906.09436,1905.02845
1906.09436,1903.11240
1906.09436,2004.01857
1907.00716,1906.11409
1906.09781,1810.00123
1906.09602,1806.08804
1906.09602,2006.07889
1906.09602,1603.05629
1906.09602,2006.10538
1906.09602,2007.10908
1906.09669,1907.13413
1906.09669,1908.00325
1907.00430,1901.00064
1907.00430,1904.01540
1906.09230,1511.02575
1906.09230,1805.08657
1906.10244,1711.07414
1906.10244,1711.01134
1906.10244,1909.12734
1906.10244,1610.02391
1907.00883,1909.00754
1907.00883,2004.05827
1907.00883,1908.01946
1907.00883,2002.08024
1907.00883,2002.02450
1907.00883,1907.01669
1907.00883,2005.13129
1907.00883,2004.14307
1907.00883,2002.08898
1907.00883,2004.03386
1907.00883,1910.03544
1907.01372,1910.12612
1907.01372,2005.09756
1907.01372,1902.07178
1906.11809,2002.09488
1906.11809,2006.10653
1906.11809,2002.00864
1906.11809,2007.01327
1906.10002,1905.00537
1906.11661,1809.11096
1906.11661,1805.08318
1906.11661,1707.05776
1906.11661,1812.04948
1906.11661,2004.05571
1906.12348,1802.01548
1906.09788,1903.00848
1906.09788,2003.11476
1906.09788,1903.00847
1906.09788,1906.09785
1906.12284,1807.03819
1906.09237,2009.01719
1906.09237,2006.03662
1906.09237,1903.01599
1906.09237,1901.03416
1906.09237,2007.04561
1906.09237,1907.00953
1906.09237,1807.03748
1906.09237,2009.05524
1906.09237,2006.01016
1906.09237,2008.09301
1906.09237,2007.07170
1906.09237,2006.15085
1906.09237,2002.09884
1906.09237,2002.02385
1906.09237,1806.03107
1906.09237,1907.11971
1906.09237,2002.02836
1906.09237,2006.05044
1906.09237,1811.04551
1906.09237,2003.10520
1906.09237,2009.01791
1906.09237,1910.06591
1906.09237,1907.13052
1906.09237,1912.01603
1906.09237,2003.03124
1906.09237,1912.03845
1906.09237,1904.01782
1906.09237,2002.06177
1906.09237,1906.04355
1906.09237,2004.14646
1907.00338,1807.07512
1907.00338,2003.01587
1907.00338,2006.13566
1907.00939,1803.09719
1907.00939,1911.04460
1907.00939,1905.08409
1907.01162,1912.03440
1907.01734,1904.04460
1906.10269,2004.08526
1906.10269,2005.01151
1906.10269,2001.08893
1907.00151,2004.08022
1907.00151,1910.14270
1906.12061,1703.06748
1906.10228,2005.12890
1907.01710,1905.01164
1907.01710,2004.08947
1907.01710,1807.03401
1907.01710,1903.00963
1906.09427,1810.00826
1906.09427,1901.00596
1906.09427,1802.04364
1906.09427,1806.08804
1906.09427,2002.08264
1906.09427,2007.08663
1906.09427,2009.08687
1906.09427,1901.01484
1906.09427,2008.12187
1906.11891,2004.08945
1906.11891,2009.08270
1906.11891,2005.10430
1906.11891,1711.10352
1906.11891,1902.11097
1906.11891,1912.10818
1907.01085,2007.10300
1907.01085,1901.02970
1907.01085,2007.06127
1907.01085,2008.02792
1907.01085,1912.10545
1907.01085,2002.08599
1907.01085,1901.06447
1907.01085,2008.07760
1907.01085,1904.00993
1907.01085,1812.09902
1907.01085,2003.07619
1907.01085,1808.01462
1907.01085,1901.05103
1907.01085,1903.00987
1907.00909,2002.05193
1907.00909,1904.12054
1907.00909,2009.01564
1907.00909,1911.04706
1907.00909,2006.14284
1907.00909,1910.03698
1907.00909,2007.04911
1907.00909,2005.01571
1907.00909,2005.02649
1907.00909,2001.10178
1907.00909,2006.13799
1907.00909,2006.06480
1907.00909,2007.04074
1907.00909,2005.01520
1907.00909,2002.04803
1907.00909,2003.06505
1907.00909,2001.08842
1907.00909,1905.08942
1906.09745,2002.12889
1906.11713,1904.12654
1906.11713,1909.09872
1906.11713,2009.04998
1906.11713,2008.07872
1906.11713,1709.02974
1906.11713,1905.10535
1906.11713,1908.07957
1906.10155,2001.00030
1906.10155,2002.02818
1907.00501,2006.14563
1907.01406,2005.07804
1907.01406,1806.08804
1907.01406,2007.09522
1907.01478,1811.00982
1907.01478,1909.09256
1906.11583,2005.08792
1906.11583,1812.03789
1907.01227,1908.08207
1907.01227,1904.01941
1907.01227,2006.06244
1907.01227,1904.00813
1907.01227,1903.11800
1906.10918,1902.09725
1906.10918,2006.06547
1906.10918,1703.01703
1906.10918,1806.01186
1906.09627,2005.00904
1906.09627,1907.10952
1906.09627,2008.01664
1906.09627,2004.09855
1906.09627,2005.02259
1906.09627,2008.07912
1906.11180,1902.00172
1906.11180,2001.06917
1906.10306,1912.05830
1906.10306,1907.03053
1906.10306,1902.04779
1906.10306,2006.13182
1906.10306,1806.07572
1906.10306,1901.08584
1906.10306,1905.13210
1906.10306,2003.03709
1906.10306,1811.04918
1906.10306,2009.10897
1906.10306,2003.00030
1906.10306,2005.09814
1906.10306,2007.02151
1906.10306,1901.00137
1906.10306,1911.10635
1906.10306,1902.06720
1906.10306,1909.01150
1906.10306,1812.07956
1906.10306,1910.12156
1906.10306,2007.08459
1906.10306,2008.00483
1906.10306,2002.08243
1906.10306,1908.00261
1906.10306,1906.08383
1906.10306,1709.06560
1906.10306,1808.01204
1906.10306,1905.10027
1906.10306,2003.00660
1906.10306,1909.08610
1906.10306,2006.13506
1906.10306,2005.03557
1906.10306,1909.02769
1906.09954,2003.01163
1906.09954,2003.06171
1906.09954,2002.11310
1906.09954,1912.11861
1906.09954,2002.08325
1906.09954,1902.09487
1906.09954,1907.08194
1906.11900,2005.06514
1906.11900,1910.05457
1906.11892,1812.01784
1906.11892,1707.00600
1906.11892,1903.10132
1906.11892,1903.11701
1906.11985,1609.05191
1906.11985,1608.04636
1906.11985,1909.05350
1906.11985,1901.00451
1906.11985,1605.08003
1906.11985,2006.10311
1906.12269,2007.09647
1906.12269,2005.02131
1906.12269,1810.05997
1906.12269,2009.04131
1906.12269,1905.04497
1906.12269,2009.05872
1906.12269,2005.03482
1906.12269,2002.12920
1906.12269,2005.10039
1906.12269,2003.05730
1906.12269,2002.10947
1906.12269,1908.07558
1906.12269,2003.06974
1906.12269,2003.05822
1906.12269,2005.10203
1906.12269,2008.12952
1906.12269,2008.11533
1906.12269,2002.00850
1906.12269,1910.14356
1906.12269,2006.08149
1906.12269,1810.07481
1906.12269,2003.00653
1906.10958,1901.00596
1906.10958,1702.06819
1906.10958,2004.01293
1906.12223,1809.06222
1906.12223,2003.07072
1906.12223,1908.10235
1906.12223,2004.08122
1906.12223,1912.12318
1906.12223,1903.02026
1906.09677,1802.03518
1906.09677,1707.07321
1906.09677,1807.01232
1906.09677,1902.10858
1906.10048,2006.12590
1906.10048,1712.01511
1906.11199,1810.11530
1906.11199,2001.02656
1906.11199,1912.02527
1906.11199,1606.00075
1906.11199,1810.01539
1906.11199,2003.00704
1907.01285,1804.00379
1907.01285,1810.01128
1907.01285,2001.00593
1907.01285,1810.02274
1907.00400,2007.10087
1907.00400,2002.08232
1907.00273,2007.03480
1907.00273,2008.09104
1907.00273,2009.07469
1907.00273,2001.03799
1907.00273,2001.00340
1907.00273,2007.03882
1907.00273,1911.05530
1907.00273,1908.01104
1907.00273,2009.01782
1907.00273,1812.03252
1907.00878,1603.06318
1907.00878,1802.03685
1907.01654,2004.04872
1907.01654,1807.04010
1906.10667,1811.09656
1906.10667,1811.11711
1906.10667,2006.14363
1906.10667,1903.01567
1906.10667,1904.12774
1906.10667,1909.10893
1906.10667,2005.07870
1906.10667,2007.02382
1906.10667,1612.00410
1906.12189,2006.05026
1906.12189,1911.06556
1906.12189,2001.09377
1906.12189,2006.12136
1906.12189,1911.03315
1906.12189,2007.01223
1906.12189,2008.11811
1906.12189,2006.09436
1906.12189,1911.01546
1906.12189,2008.11700
1906.12189,1908.01786
1906.12189,2003.02189
1906.12189,1912.00071
1906.12189,2003.01410
1906.12189,2005.02191
1906.12189,2002.03016
1906.12189,2006.04353
1906.12189,2006.09564
1906.12189,1602.04450
1906.12189,1910.08123
1906.12189,2009.03864
1906.12189,1901.10031
1906.12189,2008.03273
1906.12189,1903.08792
1906.12189,1912.10116
1906.12189,1911.09101
1906.12189,1911.09946
1906.12189,2005.12062
1906.12189,2007.12377
1906.12189,2007.03742
1906.12189,2006.09446
1906.12189,1911.02156
1906.12189,2002.01587
1906.12189,1803.08552
1906.12189,1906.01404
1906.12189,2004.05273
1906.12189,1809.10121
1906.12189,2005.04374
1906.12189,1910.13726
1906.12189,1912.10099
1906.12189,2008.12775
1906.12189,1907.13196
1906.12189,1812.05506
1906.12189,1901.03737
1906.12189,2006.07476
1906.12189,1909.11555
1906.11732,1902.01568
1906.11732,1808.06670
1906.11732,1802.05983
1907.00366,1907.13517
1907.00366,1903.12340
1906.11829,1803.03635
1906.11829,2007.00077
1906.11829,1906.08158
1906.11829,2003.01668
1906.11829,1906.04358
1906.11829,2006.03875
1906.11829,1801.04381
1906.11829,1710.05053
1906.11829,1812.05159
1906.11829,2007.05441
1907.00710,1908.05391
1907.00710,1812.07617
1907.00710,2007.04032
1907.00710,2004.13245
1907.00710,2004.00646
1907.00139,1906.06899
1907.01656,1906.09336
1906.11156,1909.03416
1906.11156,2005.03675
1906.11156,2006.04746
1906.11156,1911.09007
1906.11156,1905.00987
1906.11156,1908.11512
1906.11156,1906.06826
1906.11156,2004.01375
1906.11156,1905.01669
1906.11156,2006.09963
1906.11156,2007.02817
1906.11156,2005.10110
1906.11156,2005.00687
1907.01108,2007.15240
1907.01108,1904.05440
1907.01108,2008.07643
1907.01108,2008.03789
1907.01108,2009.02119
1907.01108,2007.12553
1907.01108,2009.05109
1906.11248,1905.07424
1907.01497,1901.07927
1907.01497,1810.11614
1907.01497,1904.10898
1907.01497,1711.05101
1906.10283,1907.02109
1907.01513,1906.09905
1907.01513,2001.03538
1906.11152,1806.01619
1906.10740,1912.04964
1906.11675,1905.03700
1906.12120,1910.03943
1906.11286,1906.12350
1906.11286,2007.11967
1906.11286,2009.08457
1906.11286,2005.04544
1906.11286,2006.06580
1906.11286,2007.06368
1906.11286,2006.15194
1906.11286,1904.10040
1906.11286,2007.11416
1907.01068,1911.00292
1907.01068,1703.08098
1906.09529,2004.01902
1906.09529,2004.06578
1906.09529,1907.06732
1906.09529,2007.12213
1906.10718,2002.05038
1906.10718,1911.06270
1906.11641,1810.11905
1906.12330,2002.07206
1906.12330,1902.07153
1906.12330,1909.12383
1906.12330,1904.12848
1906.12330,1806.08804
1906.12330,1812.08434
1906.12330,2005.12147
1906.12330,2004.05994
1906.12330,2004.03990
1906.12330,1904.05003
1906.12330,2002.04813
1906.12330,1907.04931
1906.12330,2007.02901
1907.00680,1907.02343
1906.09323,2006.05051
1906.09323,1903.08738
1906.09323,1812.02690
1906.09323,2006.10179
1906.09323,2009.11348
1906.09323,2006.11274
1906.09323,2002.02794
1906.12282,2002.04924
1906.11471,2009.00236
1906.11471,1911.09162
1907.00959,1903.09900
1907.00959,1906.02869
1907.00959,2009.02009
1907.00959,1904.02835
1907.00959,1807.11626
1907.00959,1905.11946
1907.00959,1912.09640
1907.00959,2002.10711
1907.00959,1812.00332
1907.00959,1903.05662
1907.00959,1910.04465
1907.00959,1709.01507
1907.00959,1905.02244
1907.00959,1806.09055
1907.00959,1905.04159
1907.00959,1904.01569
1907.00959,1802.01548
1907.00959,1802.07191
1907.00959,1801.04381
1907.00959,1812.03443
1907.00959,1904.00420
1907.00959,1904.02877
1907.00959,1903.06694
1907.00959,1911.00105
1907.00959,1902.07638
1907.00959,1904.07392
1907.00959,1812.09926
1907.00959,2005.11138
1906.09310,1806.11532
1906.11813,1906.10673
1906.11813,2002.07738
1906.11813,1802.08626
1906.11813,2004.03424
1906.11813,1901.10080
1906.11813,1811.07255
1906.11813,1802.07528
1906.11813,1812.04218
1906.12340,2006.07589
1906.12340,1808.06670
1906.12340,1812.03411
1906.12340,2003.07611
1906.12340,1906.03787
1906.12340,2003.12862
1906.12340,2006.09136
1906.12340,2004.13458
1906.12340,2007.09453
1906.12340,1909.11825
1906.12340,1912.03133
1906.12340,2007.07435
1906.12340,1807.03748
1906.12340,2003.01665
1906.12340,2004.06100
1906.12340,1907.07174
1906.12340,1802.05300
1906.12340,2006.10885
1906.12340,2003.09534
1906.12340,2004.11072
1906.12340,2007.12360
1906.12340,2004.05054
1906.12340,2008.12959
1906.12340,2007.08558
1906.12340,2009.02653
1906.12340,1812.04606
1906.12340,2009.00814
1906.12340,2007.04309
1906.12340,2003.09946
1906.12340,2007.01682
1906.12340,2006.10803
1906.12340,2008.07015
1906.12340,2007.08176
1906.12340,1912.12510
1906.12340,1910.05872
1906.12340,1911.06470
1906.12340,1901.08573
1906.12340,2006.03952
1906.12340,2003.13525
1906.12340,1912.11903
1906.12340,2002.12247
1906.12340,2002.12718
1906.12340,2007.02734
1906.12340,2006.02516
1906.12340,2006.00339
1906.12340,1910.06259
1906.12340,1909.08245
1906.12340,2006.05882
1906.12340,2007.05086
1906.12340,2007.05566
1906.12340,2009.03162
1906.12340,1911.12044
1906.12340,1906.02694
1906.12340,1911.07072
1906.12340,1807.01697
1906.12340,1811.00995
1906.12340,2007.06959
1906.12340,2004.07882
1906.12340,2002.07384
1906.12340,2008.01064
1906.12340,1901.09960
1906.12340,2003.00877
1906.12340,2002.10445
1906.12340,2006.10712
1906.12340,1911.10594
1906.12340,2009.02383
1906.12340,1706.06083
1906.12340,2003.11243
1906.12340,2007.01760
1906.12340,2009.11732
1906.12340,2004.09629
1906.12340,1905.09272
1906.12340,2007.04777
1906.10823,1612.02103
1907.01824,1911.00334
1907.01824,1910.09862
1907.01824,2005.12977
1907.01824,1910.12551
1907.01824,1912.12055
1906.10996,1912.12055
1906.10996,2007.14579
1906.09012,1811.00982
1906.09012,1807.05520
1906.12068,2003.14324
1906.11328,1710.08864
1907.01430,2001.11207
1907.01430,1901.01034
1907.01430,2008.11073
1907.01430,2008.05731
1907.01430,2004.08501
1907.01430,1904.05044
1907.01430,1610.02391
1907.01430,1904.02689
1907.01430,1912.06448
1907.01430,1901.03353
1907.01430,2007.07012
1907.01430,2007.01837
1907.01430,2006.07502
1907.01430,2007.02180
1907.01430,1906.06392
1907.01430,1903.02494
1907.01430,2007.09397
1907.00245,1905.05013
1906.12195,2007.08781
1906.11336,1904.02874
1906.11336,1904.05985
1906.11336,1908.06158
1906.11336,1901.04321
1906.11336,1811.00855
1906.09666,1902.02860
1906.09992,2001.04437
1906.09992,1807.09875
1906.11081,2006.12542
1906.11081,2007.03196
1906.11081,2005.13607
1906.11081,2007.02835
1906.11081,2008.12187
1906.12320,1910.07344
1906.12320,2002.10880
1906.12320,1803.05649
1906.12320,2003.03167
1906.12320,1912.03787
1906.12320,2008.05440
1906.12320,1812.04948
1906.12320,2007.10973
1906.12320,2002.12674
1906.12320,2009.03298
1906.12320,2007.00074
1906.12320,1912.00416
1906.12320,2007.05361
1906.12320,2006.14660
1906.12320,2006.08710
1906.12320,1910.03131
1906.12320,2003.08981
1906.12320,2006.10705
1906.12320,2007.13034
1906.12320,2008.02792
1906.12320,2008.02389
1906.12320,2007.08501
1906.12320,2003.01661
1906.12320,2002.09741
1906.12320,1812.01659
1906.12320,2004.01176
1906.12320,2006.07982
1906.12320,2003.00802
1906.12320,2005.11626
1906.12320,2003.04618
1906.12320,2003.07521
1906.12320,2004.01301
1906.12320,1806.07366
1906.12320,2006.14200
1906.12320,1909.00949
1906.12320,1912.02762
1906.12320,1912.07372
1906.12320,2006.04604
1906.12320,1912.06126
1906.12320,2003.13326
1906.12320,2007.12944
1906.12320,2007.09601
1906.12320,1912.07009
1906.12320,2007.02374
1906.12320,2003.08376
1906.12320,2003.00868
1906.12320,2004.03327
1906.12320,1911.11098
1906.12320,1810.05591
1906.12320,2006.10569
1906.12320,2004.01228
1906.12320,2003.12170
1906.12320,2008.06520
1906.12320,2003.01456
1906.12320,2003.08624
1906.12320,2006.09102
1906.12320,1912.01800
1906.12320,2008.02676
1906.12320,1811.07605
1906.12320,1811.11286
1906.12320,2008.08145
1906.12320,2007.15627
1906.12320,2003.13834
1906.12320,2006.04598
1906.12320,2006.09348
1906.12320,2006.09694
1906.12320,1911.10949
1906.12320,2004.02869
1906.12320,1912.03663
1906.12320,2007.10170
1906.12320,2008.02401
1906.12320,2006.08072
1907.00831,1912.05949
1907.00831,1906.04567
1907.00831,1911.00796
1907.00831,1904.04989
1907.00831,1809.03137
1907.00831,1902.00749
1907.00831,1907.13347
1907.00831,1903.05625
1907.00831,2004.07472
1907.00831,2002.08397
1907.00276,1903.09755
1907.00276,2006.07807
1907.00276,2009.02672
1907.01514,1811.12194
1907.00772,1902.08710
1907.00772,1809.11096
1907.00772,1805.08318
1907.00772,1903.05955
1907.00772,1904.09237
1906.10011,1703.10593
1906.10011,2001.06894
1906.11435,1912.13077
1906.11435,1908.03364
1906.11435,2007.07630
1906.11435,2006.12567
1906.11435,2006.06753
1906.09255,2004.10914
1906.09255,1810.05752
1906.09255,1902.03653
1906.09255,2007.02422
1907.00516,2005.13983
1907.00516,2003.03849
1907.00516,1904.06505
1907.00516,1907.02665
1907.00516,1910.06180
1907.00516,1309.0213
1907.00516,1912.10088
1907.00516,2005.01338
1907.00516,2004.05508
1906.11881,2001.08957
1906.11881,2006.12982
1906.11881,2005.07852
1906.11881,1811.12359
1906.11881,1911.08121
1906.11881,1912.01522
1906.11881,2007.11341
1906.11881,1805.08651
1906.11881,1903.06946
1906.11881,1912.03845
1906.11881,1806.06298
1906.11881,2004.03637
1906.11881,1802.04942
1906.09208,2006.13699
1906.09208,2003.14263
1906.09208,2006.08364
1906.09208,2009.08328
1906.09208,1910.06144
1906.09208,1905.01989
1906.09208,1902.03731
1906.09208,1907.02227
1906.10651,1802.05800
1906.10651,2005.01831
1906.10651,1806.10574
1906.10651,1812.05720
1906.10651,2009.09723
1906.10651,1809.04729
1907.00030,1811.04918
1907.00030,1902.01028
1906.11367,2002.03184
1906.11367,1902.09212
1906.08967,1812.00488
1906.08967,2006.06091
1906.08967,1902.00761
1906.08967,1903.05421
1906.08967,1903.06397
1906.08967,2008.10833
1906.08967,1810.02695
1906.08967,1905.10711
1906.08967,1901.10034
1906.08967,2003.06945
1906.08967,2002.05349
1907.01432,1605.07699
1907.01432,1911.10492
1907.01755,1904.01127
1907.01755,2003.03741
1907.01755,1904.02072
1906.10413,2001.04716
1907.01193,2003.12783
1907.01193,2007.03195
1907.01193,1807.09940
1907.01193,1908.10937
1907.01193,2004.03597
1907.01193,1910.12384
1907.01193,1907.10255
1907.01193,1901.05375
1907.01193,1911.07990
1906.11796,2002.11576
1906.11796,1809.11096
1906.11796,1811.12359
1906.11796,1906.00446
1906.11796,2005.07728
1906.11796,2004.06014
1906.11796,1707.05776
1906.11796,1802.04942
1906.11796,2007.04964
1906.11796,1812.04948
1906.11796,1910.09772
1906.11796,2008.12378
1906.11796,1802.05983
1906.11796,2004.02860
1906.11796,1709.00199
1906.11796,2006.03638
1906.11796,2008.08756
1907.00236,1909.07633
1906.09114,1905.12425
1907.00586,1506.03039
1907.00586,1806.07788
1907.00586,2008.08397
1907.00586,2006.16531
1907.01328,2003.04707
1907.01328,2001.06917
1907.01328,2003.00344
1906.09439,2006.15924
1906.10511,2005.06609
1906.10511,1906.05685
1907.01651,2007.03315
1907.01651,1802.03426
1907.01651,1909.07330
1906.10112,2002.03754
1906.10112,1812.04948
1906.10112,2005.09635
1906.10112,1907.07171
1906.10112,1911.09267
1906.10112,2004.00049
1906.10112,2007.06600
1906.10112,2008.02793
1906.10112,1912.12215
1906.10112,2003.13898
1906.10112,1907.10786
1906.10112,1811.03825
1906.10112,2005.02969
1906.10112,1809.11096
1906.10112,2008.10588
1906.10112,2004.02546
1906.10112,1911.02888
1906.10112,2005.12420
1906.10112,2008.01777
1906.10112,2006.10132
1906.10112,1703.10593
1906.10112,2009.02568
1906.10112,1805.08318
1906.10112,2005.07728
1906.10112,2003.03581
1906.10112,1912.07116
1906.10112,1801.03150
1906.10112,2001.10238
1906.10112,2004.13166
1906.10112,2008.00951
1906.10112,2009.05671
1906.10112,2005.13580
1906.10112,2008.08930
1906.09624,2007.08666
1906.09624,2006.07532
1906.09624,1712.05812
1906.09624,1805.08010
1906.09624,1805.12573
1906.10075,2006.08791
1906.10075,2006.06467
1906.10075,2002.04840
1906.10075,2005.07652
1906.10075,1709.03768
1906.10075,2006.03781
1906.10075,2006.04787
1906.10075,2002.05632
1906.10075,2002.05660
1906.10075,1803.03241
1906.10075,1803.02815
1907.00321,1710.08864
1907.00321,1803.05428
1907.00868,2003.01825
1907.00868,2002.10738
1907.00868,1901.10995
1907.00868,2002.06038
1907.00868,1706.10295
1907.00868,1901.11503
1906.09601,1905.04847
1906.09601,1902.01370
1906.09360,2006.14895
1906.09360,1805.08498
1906.10064,1806.06850
1907.00837,2007.07227
1907.00837,1908.07919
1907.00837,1907.10045
1907.00837,2009.10711
1907.00837,1907.11346
1907.00837,2006.08586
1907.00837,2008.11469
1907.00837,1905.03244
1907.00837,1905.11946
1907.00837,1803.03635
1907.00837,1909.12828
1907.00837,2008.08324
1907.00837,2009.04930
1907.00837,1908.04781
1907.00837,2006.01423
1907.00837,1803.00455
1907.00837,1905.02244
1907.00837,1902.09212
1907.00837,2001.05097
1907.00837,1812.01601
1907.00837,2008.00206
1907.00837,1802.01548
1907.00837,1801.04381
1907.00837,1908.06903
1907.00837,1903.05885
1907.00837,1912.05656
1907.00837,1810.02648
1907.00837,2005.04813
1907.00837,1803.05959
1907.00837,2006.12075
1907.00837,1909.10854
1907.00837,1905.04266
1907.00837,1904.05866
1906.09587,2008.05571
1906.09587,1903.06602
1906.09587,1903.06236
1906.09756,2007.08921
1906.09756,2007.06124
1906.09756,2002.06345
1906.09756,1908.07919
1906.09756,1901.06032
1906.09756,2004.08955
1906.09756,2007.09336
1906.09756,1909.01547
1906.09756,2008.09694
1906.09756,1911.11985
1906.09756,2008.10831
1906.09756,2001.09252
1906.09756,2007.08354
1906.09756,2006.05732
1906.09756,2005.12872
1906.09756,1909.09709
1906.09756,2009.09633
1906.09756,1910.14667
1906.09756,2003.08799
1906.09756,1912.05086
1906.09756,2009.00784
1906.09756,1912.03730
1906.09756,2003.04262
1906.09756,2007.09637
1906.09756,2004.12629
1906.09756,2003.09163
1906.09756,1901.07518
1906.09756,2004.13665
1906.10910,2002.07033
1906.10910,2002.11624
1906.10910,1806.00069
1906.10910,2002.05505
1906.10910,1912.03072
1906.11463,1907.09180
1906.11463,2009.07109
1906.11463,1909.02477
1906.11463,2008.06721
1906.11463,2002.02883
1907.01343,1904.01376
1906.11315,1812.01628
1906.11315,1811.12359
1906.11315,1812.02341
1906.11315,2004.03222
1906.11315,1903.00450
1906.11315,1810.12282
1906.11315,1901.11390
1906.11695,1509.02971
1906.11695,1910.07113
1906.11695,1911.01562
1906.11695,1808.00177
1906.12172,1802.01548
1906.12159,2007.04950
1906.09094,1902.01560
1906.09890,2008.01077
1906.09890,1807.03819
1906.09890,2009.01822
1906.09890,2007.13350
1906.09890,2001.05031
1906.09890,2005.03329
1906.09890,2001.10817
1906.09890,1910.07364
1906.09247,2005.07605
1906.09247,2006.08916
1906.09247,1909.02330
1906.09247,2006.14284
1906.09247,2004.09370
1906.09247,1612.03147
1906.11790,1809.08887
1906.11790,1906.10816
1906.11790,2005.07667
1907.01051,2006.06091
1907.01051,1906.10742
1907.01051,2004.13004
1907.01051,2006.04984
1907.01051,2005.03451
1907.01849,2004.14882
1907.01849,1903.07266
1907.01849,2003.14366
1907.01849,1902.04811
1907.01849,2008.07428
1907.01849,1902.00247
1907.01849,2001.04786
1907.01849,1910.13852
1907.01849,1910.04057
1907.01849,1908.07023
1907.01849,2007.06281
1907.01849,1910.05857
1907.01698,2007.13243
1907.01698,1804.09081
1907.01698,1802.01548
1907.01698,1908.10947
1907.01698,2009.08328
1907.01698,1808.05377
1907.01698,2009.02183
1907.01698,2006.12674
1907.01698,1904.11649
1907.01698,2006.03962
1906.09763,1906.10338
1906.09763,1902.11036
1906.09763,1908.05343
1907.00960,1901.02985
1907.00960,1806.09055
1907.00960,2003.09053
1907.00960,1812.06216
1907.00960,1801.07829
1907.00960,2007.07563
1907.01433,2006.05441
1907.01433,2003.04135
1907.01433,2006.05482
1907.01433,1906.04705
1907.01433,2009.05647
1907.01433,1803.08700
1906.09477,2006.15733
1906.09477,2005.11949
1906.09477,2003.01526
1906.09477,2006.12231
1906.09477,1904.04789
1906.09477,1610.09887
1906.09477,1912.06732
1906.09477,2004.14954
1906.09477,2001.06892
1906.09477,1908.11133
1906.09477,2007.04759
1907.01203,2003.00482
1907.00560,1808.01204
1907.00560,1811.03962
1907.00560,1810.02054
1907.00560,1806.07572
1907.00560,1901.08584
1907.00560,1811.04918
1907.00570,1902.10186
1907.00570,1911.03898
1907.00570,1806.00069
1907.00570,2006.01067
1907.00570,1908.04211
1907.00570,2004.03685
1906.09607,1906.07155
1906.09607,2003.11883
1906.09607,1807.11626
1906.09607,1907.01845
1906.09607,1905.11946
1906.09607,2008.01475
1906.09607,1912.09640
1906.09607,1812.00332
1906.09607,1905.09717
1906.09607,1910.05733
1906.09607,2008.05314
1906.09607,1905.02244
1906.09607,1909.01861
1906.09607,2004.08423
1906.09607,1806.09055
1906.09607,1904.01569
1906.09607,1812.09926
1906.09607,1802.01548
1906.09607,1801.04381
1906.09607,1812.03443
1906.09607,1908.09550
1906.09607,1907.05653
1906.09607,1902.08142
1906.09607,2006.02903
1906.09607,1901.02985
1906.09607,2001.02525
1906.09607,1902.07638
1906.09607,1901.05884
1906.09607,2006.12986
1906.09607,2007.08428
1906.09607,1904.07392
1906.09607,1912.04749
1906.09607,1903.09776
1907.00887,1809.02983
1907.00887,1709.01507
1906.10327,2008.12610
1906.10327,1911.07446
1906.10327,2006.08357
1906.10327,1909.09709
1906.10327,1904.04421
1906.10327,1905.08369
1906.10327,2002.11270
1906.09338,2003.00997
1906.09338,2006.08265
1906.09338,2004.10968
1906.09338,1803.09672
1906.11133,1807.05620
1906.11133,2002.08568
1906.11133,1802.03685
1907.01256,2009.02358
1907.01256,2005.06600
1907.01256,2001.03521
1906.09748,2003.07177
1906.09748,1907.10843
1906.09748,2001.08680
1906.09748,1908.10049
1906.09748,2002.09274
1906.09748,2004.04933
1906.09748,2009.11425
1906.09748,2007.10854
1906.09748,1905.10048
1906.11586,1801.04381
1906.11586,1910.09031
1906.11586,2009.03016
1906.11586,1811.04634
1906.11586,1904.04514
1906.11586,1902.06426
1906.09480,2007.03750
1906.09480,2007.05112
1906.09480,1901.10964
1906.11428,1904.02216
1906.11428,1707.06484
1906.11428,1612.02103
1906.11428,1804.02864
1906.11876,1909.11671
1906.11876,1904.11238
1906.11876,1912.02911
1906.11876,1803.09050
1906.11876,1802.05300
1906.11876,2009.11128
1906.11052,1806.03852
1906.11052,2002.08973
1906.11052,2007.14284
1906.11052,2006.02909
1906.09735,1910.05206
1906.12091,1907.06902
1906.12091,1806.09055
1906.12091,1509.02971
1906.12091,1904.11682
1906.12091,1902.07638
1906.12091,1911.02377
1906.12091,1810.13306
1906.12091,1812.09926
1906.12091,1808.07233
1906.11890,1803.08006
1906.11890,2001.00346
1906.11890,2008.02344
1906.11890,1907.01361
1906.11890,2003.14013
1907.00832,1810.00826
1907.00832,1806.08804
1907.00832,1905.05178
1907.00832,1810.02244
1907.00832,1801.07829
1907.00832,1911.05954
1906.09784,2003.04108
1906.09784,1907.01298
1906.09784,2008.10806
1906.09784,1910.08476
1906.09784,2007.03807
1906.09784,2008.11329
1906.10571,2001.09684
1906.10571,1810.01032
1906.10571,2009.00774
1906.10571,2003.12613
1906.10571,2002.03827
1906.10571,2009.09577
1906.10571,2003.12909
1906.10571,2008.05585
1907.00420,1812.02825
1907.00420,2008.06179
1907.00420,1909.03564
1906.09551,2002.02997
1906.09551,1902.02476
1906.09551,1805.12152
1906.09551,1803.05407
1906.09551,2005.10757
1906.09551,2008.07496
1906.09551,2007.01458
1906.09551,1805.08206
1906.11467,1708.00598
1906.11467,1907.09180
1906.11467,2004.00226
1906.11467,2003.12473
1906.09383,2008.11588
1906.09383,2008.09890
1906.09383,1812.05038
1906.09383,1905.00561
1906.09383,2006.07203
1906.09383,1905.12681
1906.09383,2002.03137
1906.09383,1811.10698
1906.09383,1906.04226
1906.09383,1910.06693
1906.09383,2006.00626
1906.10891,2003.09284
1906.09621,1912.03802
1906.09621,2006.09519
1906.11981,2001.07108
1907.01376,2008.01910
1906.08990,2004.07633
1906.08990,2006.00888
1906.10562,2004.07447
1906.10562,1811.04786
1906.10068,1902.02181
1906.09211,2007.12141
1906.09211,1805.10369
1906.10844,1509.02971
1907.00267,1806.02817
1907.00267,1810.06936
1907.00267,2008.08424
1907.00267,1712.05474
1907.00267,1904.11621
1907.00267,1910.01215
1906.09540,1904.06346
1906.09540,2004.01961
1906.09997,1912.07814
1907.00943,1812.03372
1907.01023,1812.03411
1907.01023,1902.11029
1907.01023,1902.06705
1907.01023,1710.08864
1907.01023,1706.06083
1907.01023,1904.00887
1907.01262,1907.09951
1907.01262,1912.04278
1907.01262,1911.05880
1906.10320,1901.05147
1906.11356,1911.13213
1906.11031,1911.05020
1906.11031,1903.04207
1906.11031,2006.00074
1906.11031,2004.09788
1906.10546,1908.07121
1906.10546,2003.10477
1906.10546,1904.10167
1906.10546,1801.07698
1906.10546,2004.05937
1907.01180,2007.01187
1907.01180,1807.06699
1907.01180,2001.10284
1907.01180,2009.04743
1907.01180,1902.01780
1907.01180,1802.00121
1907.01180,2003.07069
1907.00214,2007.11319
1907.00214,2007.05533
1907.00214,2007.11514
1907.00214,2005.03501
1907.00214,2007.03357
1907.00214,1809.04766
1907.00214,2003.04949
1907.00214,2003.04769
1907.00214,1903.02120
1907.00214,2008.11946
1907.00214,1902.06426
1906.09313,1709.00199
1906.09313,1903.00585
1906.09313,1909.10363
1906.10267,2007.14658
1906.09681,1912.12378
1906.09681,2004.11252
1907.00971,1711.01558
1907.00971,2001.04643
1907.00971,2008.05959
1907.00971,1908.09257
1906.10742,1901.03768
1906.10742,1803.04792
1906.10742,2002.03147
1906.10742,2001.08001
1906.10742,2008.11007
1906.10742,1902.06320
1906.10742,1910.06296
1906.10742,1912.00805
1906.10742,2008.01566
1906.10742,1901.00054
1906.10742,2006.09529
1906.10742,1902.03501
1906.10742,2003.05155
1906.10742,1911.07931
1906.10742,1804.06760
1906.10742,1911.10621
1906.10742,2009.05260
1906.10742,2002.03433
1906.10742,1906.02533
1906.10742,1712.00580
1906.10742,2002.06337
1906.10742,1908.02134
1906.10742,2006.11737
1906.10742,2005.09296
1906.10742,2003.12808
1906.10742,2009.08328
1906.10742,1901.04169
1906.10742,2007.07768
1906.10742,2005.06091
1906.10742,1904.13195
1906.10742,1811.03654
1906.10742,1907.01051
1906.10742,1903.02380
1906.10742,1912.03829
1906.10742,2007.05499
1906.10742,2002.05671
1906.10742,1711.07414
1906.10742,1902.10027
1906.10742,1811.00145
1906.10742,2002.00863
1906.10742,1812.05793
1906.10742,1910.02352
1906.10536,1902.06865
1907.00593,1811.00250
1907.00593,1904.02823
1907.00593,1709.01507
1907.00593,2002.00343
1907.00593,1909.13144
1906.10652,1910.09945
1906.10652,2007.14634
1906.10652,1806.01856
1906.10652,2006.12871
1906.10652,1911.01382
1906.10652,1902.01240
1906.10652,2006.12631
1906.10652,1909.12127
1906.10652,1912.07277
1906.10652,1910.12263
1906.10652,2005.08068
1906.10652,1901.06020
1906.10652,1912.13151
1906.10652,2007.01919
1906.10652,2006.12228
1906.10652,1612.00410
1906.10652,1805.08498
1906.10652,1705.09847
1906.10652,1911.10885
1906.10652,1911.10036
1906.10652,1910.00024
1906.10652,2006.08873
1906.10652,2008.01998
1906.10652,1909.10549
1906.10652,2005.02578
1906.10652,1905.03658
1906.10652,1901.11311
1906.10652,2002.11451
1906.10652,1911.09117
1906.10652,2007.04532
1906.10652,1912.02175
1906.10652,2004.05426
1906.10652,2009.00666
1906.10652,2006.12204
1906.10652,1906.11228
1906.10652,1902.01722
1906.10652,2002.08129
1906.10652,1909.12830
1906.10652,1901.01761
1906.10652,1506.03039
1906.10652,1910.06827
1906.10652,2006.08063
1906.10652,2003.03780
1906.10652,1509.02971
1906.10652,1912.08335
1906.10652,1609.07087
1906.10652,1910.06419
1907.00294,2009.07469
1907.00294,2001.00340
1907.00294,2007.03882
1907.00294,1908.01104
1907.00294,1812.03252
1907.00294,2008.06262
1907.00641,1808.08114
1907.00641,1804.04383
1907.00641,2003.00635
1907.00641,2007.03632
1906.10395,1811.07209
1906.10395,2004.02082
1906.10395,1802.08232
1906.10395,2008.00408
1906.10395,2004.14692
1906.10395,2009.09943
1906.10395,1912.11580
1906.10395,1912.06612
1906.10395,1901.10513
1906.10395,2005.03597
1906.10395,1705.07204
1906.10395,1810.04065
1906.10395,1910.09755
1906.10395,2002.06864
1907.01475,2005.03233
1907.01475,1805.10662
1907.01475,1810.00123
1907.01475,1808.00177
1907.01475,2007.01542
1907.01475,1812.02341
1907.01475,2006.14911
1907.01475,2002.08550
1906.09613,1812.02696
1906.09613,2002.11651
1907.00283,2003.08502
1907.00283,1808.07528
1907.00283,2001.08589
1907.00283,2006.16670
1907.00283,2003.12473
1907.00283,2008.12949
1906.11407,1911.11620
1906.11407,1909.10304
1906.11407,2001.02192
1906.11407,2008.09285
1906.11407,1903.01959
1906.11407,1805.07813
1906.11407,2004.14638
1906.09785,1906.09788
1906.09785,2003.08876
1906.09785,1911.08860
1907.01549,1903.04263
1906.11443,1411.5878
1906.11443,1903.12476
1906.11443,1807.09940
1906.11443,1904.09569
1906.11443,1812.10066
1906.11443,1711.07618
1906.11443,1804.06882
1906.11443,1904.00048
1906.11443,1805.04635
1906.11443,1904.08739
1906.11247,2006.09663
1906.11122,2001.02982
1906.11122,2001.04027
1906.11122,2003.04919
1906.11122,2006.03445
1906.11122,1909.10145
1906.11826,2007.08860
1907.01294,2009.08020
1907.01294,2007.12147
1907.01294,1905.01555
1907.01294,1902.00293
1907.00354,1901.10802
1907.00354,1902.09383
1907.00354,1902.03368
1907.01639,1905.07089
1906.11632,1910.09161
1906.11632,2008.09567
1906.11632,1912.11843
1906.11632,2007.14118
1906.11632,2009.11732
1906.11632,2006.11364
1906.11632,1905.10710
1907.00490,1904.08920
1907.00490,2007.00398
1907.00490,2007.15381
1907.00490,2006.00923
1907.00490,2008.08899
1907.00490,1905.13648
1907.00490,2003.13962
1907.00490,1911.06258
1907.00490,1907.12861
1907.00490,2006.00753
1906.11759,1903.10534
1907.01643,1901.08079
1906.09020,2006.00304
1907.00208,2002.04258
1907.00208,1805.09460
1907.00208,1810.05546
1907.00208,2004.10468
1907.00208,1902.04698
1907.00208,2002.06541
1907.00208,1901.09192
1907.00208,2002.04694
1907.00208,1903.02050
1907.00208,2002.10319
1907.00208,1901.10443
1907.00208,2003.11243
1907.00208,1910.09457
1907.00208,1904.09237
1907.00208,2006.01862
1907.00208,1704.02798
1907.00208,1909.02963
1907.00208,1904.13341
1907.01791,2005.07362
1907.01619,2007.02392
1907.01619,1908.01034
1906.08986,1903.11314
1906.08986,1911.11689
1906.08986,1903.03129
1906.08986,2004.05366
1906.08986,2009.07203
1906.08986,1712.01887
1906.08986,2002.04180
1906.08986,1903.06631
1906.09354,1901.07042
1907.00624,1906.01600
1907.00624,2008.01191
1907.00624,2001.10335
1907.01307,2008.02566
1907.01307,2008.02777
1907.01385,1706.02275
1907.01385,1812.11794
1907.01385,1906.00767
1907.01385,1806.00877
1907.01490,1905.05345
1906.12182,2002.03827
1907.00661,1902.00038
1907.00661,1708.03619
1907.00661,1902.09487
1907.00661,1801.03002
1907.00825,1912.08581
1907.00825,2006.04920
1907.00825,2008.08637
1907.00825,2004.01376
1907.00825,1910.06724
1907.00825,2006.04893
1907.00825,2007.09815
1907.00825,2007.13218
1907.00762,1908.08200
1906.10109,2004.00740
1906.10109,2004.13795
1906.10109,1910.04871
1906.10109,2006.11802
1906.11478,1812.03828
1906.11478,1812.02822
1906.11478,1812.04948
1906.11478,1811.11286
1906.11478,1904.09237
1906.11478,1801.07829
1906.11478,1901.05103
1907.01750,1912.08367
1907.01750,1911.07968
1907.01750,1908.01300
1907.01750,1905.11455
1907.01750,2002.04764
1906.10187,1706.02275
1906.10187,1902.04257
1906.10187,1809.03060
1906.10187,1902.08438
1906.10187,1901.02161
1906.10187,2007.09540
1906.10187,1805.12573
1906.11118,1907.04681
1906.11118,2008.08871
1906.11118,1912.12378
1906.11118,1805.08318
1907.01869,2001.00292
1907.01869,2001.03063
1907.01869,1709.06316
1907.01869,2009.06886
1907.01869,1910.11603
1907.01869,2003.05477
1907.01869,2007.13120
1907.01277,2003.10414
1907.01277,2008.02070
1907.01277,1910.07254
1907.01277,2008.02480
1907.01277,1912.12055
1907.01277,2008.07645
1906.11951,1902.09229
1906.11951,1811.01483
1906.11951,1805.08651
1906.11366,2005.01378
1906.11366,2007.15839
1906.11366,1906.04661
1906.11366,2008.01722
1906.11366,2005.06417
1906.11366,1908.04468
1906.11366,2002.10435
1906.11366,2009.05567
1906.11366,2008.08071
1906.11366,1907.00927
1906.11366,2005.14073
1906.11366,2006.06980
1906.11366,2006.10715
1906.11366,2007.15618
1906.11366,1604.06443
1906.11366,2007.08137
1906.11366,2005.08099
1906.11366,2008.09239
1906.11366,2006.13312
1906.11875,2008.05731
1906.11875,1907.09449
1906.09235,1905.01320
1906.09235,1806.08734
1906.09235,1910.11710
1906.09235,2007.14313
1906.09235,1905.01389
1906.09235,2002.02561
1906.09235,1912.03011
1906.09235,1909.11759
1906.09235,2007.11207
1906.09235,2004.08151
1906.09235,1901.06523
1906.09235,1807.01251
1906.09235,1905.10264
1906.11282,1610.02391
1906.11282,2002.04688
1907.00457,1902.10107
1907.00457,1902.07374
1907.00457,1901.10055
1906.11897,1907.13054
1906.11897,1910.00068
1906.11897,2003.06693
1906.11897,2003.02065
1906.11897,1804.05810
1906.11897,2006.12834
1906.11897,2007.10115
1906.11897,2001.08001
1906.11897,1904.08653
1906.11897,2008.08281
1906.11897,2008.13671
1906.11897,2007.03730
1906.11897,2009.09774
1906.11897,1912.05021
1906.11897,1706.06083
1906.11897,2008.10106
1906.11897,2005.02313
1906.11897,2005.03823
1907.00854,1906.08237
1907.01086,2006.13682
1907.01086,1907.01070
1907.01172,1909.03449
1907.01172,2003.09392
1907.01172,1903.08225
1907.01172,1906.03327
1907.01172,1904.03273
1907.01172,1811.04551
1907.01172,1904.01766
1907.01172,1905.09035
1907.01172,2005.00706
1907.01172,1903.02874
1907.01172,1908.09540
1907.01172,1807.03480
1907.01172,2003.05162
1907.01172,1901.02598
1907.01172,1812.02501
1907.01172,1911.10686
1907.01224,1911.08833
1907.01224,2006.15811
1907.00650,2004.09215
1907.00650,1911.01059
1907.00650,2003.03193
1907.00650,1911.06487
1907.00650,2004.14774
1906.09807,1509.02971
1906.09807,1905.00976
1906.09807,1810.01222
1906.09807,2007.04725
1906.09807,1910.12824
1906.09807,2009.01555
1906.10335,1809.11096
1906.10335,1911.06379
1906.10335,1711.01558
1906.10335,2002.08111
1906.10335,1903.12436
1906.10335,1903.05789
1906.10335,2004.07543
1906.10335,1806.07366
1906.11818,1906.08869
1906.12005,1903.03910
1906.12005,1902.00618
1906.12005,1911.04929
1906.12005,1802.08626
1906.12005,2002.06742
1906.12005,1902.08297
1906.12005,1902.03519
1906.12005,1810.02060
1906.12005,1806.06055
1906.12005,1812.04218
1907.00824,1905.04175
1907.00824,1901.10002
1907.01439,1905.10660
1907.01439,2002.10312
1907.01439,1806.01059
1907.01439,1910.10255
1907.01439,2006.12589
1907.01439,2006.13114
1906.09884,1811.12197
1906.10720,2004.08013
1906.10720,2005.11362
1906.10720,1906.08482
1906.10948,1910.05189
1906.10948,2007.13280
1907.01771,1912.10784
1907.01771,2006.09261
1907.01771,1910.04920
1907.01771,2006.10350
1907.01771,1810.13258
1907.01771,1902.03046
1906.11110,1912.02318
1906.11110,1811.01458
1906.11110,1908.09453
1906.11110,2008.12234
1906.11110,1911.04266
1906.11110,1906.06412
1906.11110,2007.13544
1906.09936,1911.03221
1906.11369,2001.08092
1906.09317,2005.00512
1906.09317,2005.00589
1906.09777,1901.10787
1906.09777,2004.04037
1906.09777,2002.09131
1906.09777,2008.01547
1906.09777,2003.07845
1906.09777,2004.07320
1906.09777,2006.10859
1906.09777,1807.03819
1906.09777,1901.11167
1906.09777,2005.07877
1906.09777,1909.05840
1906.09777,2005.00697
1906.09777,1901.02860
1906.09777,1904.10509
1906.09777,2001.04246
1906.09777,2008.01798
1906.09777,2006.00719
1907.01022,1911.13232
1907.01022,1909.11913
1907.00235,2007.13524
1907.00235,2004.13408
1907.00235,2006.10436
1907.00235,2002.04155
1907.00235,2004.11934
1907.00235,1909.09020
1907.00235,2002.06103
1907.00235,1910.09620
1907.00235,1904.10509
1907.00235,1912.09363
1907.00235,1711.00073
1907.00235,2007.05611
1907.00235,1911.02972
1907.00235,2007.15531
1907.00235,2005.10111
1907.00235,1704.04110
1907.00235,2009.08295
1907.00235,2004.10240
1907.00235,2005.07842
1907.00235,2009.05135
1906.10551,2008.10105
1906.09855,2009.04651
1906.09855,1705.08184
1906.09855,1910.05270
1906.09855,2003.06121
1906.11873,1906.10964
1906.11873,2006.04307
1906.11873,1801.07829
1907.01288,2007.01285
1907.01288,2002.05981
1906.10437,2004.01098
1906.10437,1711.09576
1906.10437,2005.13706
1906.10437,2002.05217
1907.00348,1808.06670
1907.00348,1905.02175
1907.00348,1811.00401
1907.00348,1811.12231
1907.00865,1902.06494
1907.00865,2008.05912
1907.00865,1805.09733
1907.00865,2003.02037
1907.00865,2005.11194
1907.00865,1906.02506
1907.00865,1806.01619
1907.00865,1903.05779
1907.00865,1904.09237
1907.00865,1704.02798
1907.00865,1706.10295
1907.00865,2002.02655
1907.00865,1902.02603
1906.09826,1811.08201
1907.01589,1907.01898
1907.01589,1909.05215
1907.01164,1709.01620
1907.01164,2007.15067
1907.01164,2004.10120
1907.01164,2008.06048
1907.01164,2008.07118
1907.01164,2008.11159
1907.01164,2002.02393
1907.01164,1803.05428
1907.01164,2008.01291
1907.01164,2008.07142
1907.01164,2004.05485
1906.12193,1904.05049
1906.12193,2004.01317
1906.12193,2009.01907
1907.01099,2007.05611
1907.01099,1909.11913
1906.11886,2008.00962
1906.11886,2004.10924
1906.11310,1906.11301
1906.09447,1901.03278
1906.09447,1902.06042
1906.09447,2003.05597
1906.09447,2004.13316
1906.09447,1711.10398
1906.09447,1812.01393
1906.09447,1807.01544
1907.01552,2009.00945
1906.09686,2003.06097
1906.09686,2003.10170
1906.09686,1810.05546
1906.09686,2006.11695
1906.09686,1912.08416
1906.09686,1811.00908
1906.09686,2008.06966
1906.09686,2007.09670
1906.09686,1903.05779
1906.09686,2005.08140
1906.09686,2002.06873
1906.09686,1909.00719
1906.09686,1907.07504
1906.09199,1107.2699
1906.09199,1804.04378
1906.09199,1902.10078
1906.09199,1902.08480
1906.09199,1810.04632
1906.09199,1805.07226
1906.09199,1910.00879
1907.01677,1912.03363
1907.01677,2007.16013
1906.12225,1909.06604
1907.00221,2002.08506
1907.00221,2006.00970
1907.00221,2005.14037
1907.00378,1906.09744
1906.10528,1802.07569
1906.10528,1811.01146
1906.10528,1910.04279
1906.11957,2009.03871
